{
    "best_solution": {
        "active_vlbs": [],
        "cost": 680,
        "flow": {
            "incoming": [
                [
                    25,
                    [
                        3
                    ]
                ],
                [
                    49,
                    [
                        26,
                        37,
                        45
                    ]
                ],
                [
                    37,
                    [
                        34
                    ]
                ],
                [
                    26,
                    [
                        16
                    ]
                ],
                [
                    34,
                    [
                        25
                    ]
                ],
                [
                    11,
                    [
                        0
                    ]
                ],
                [
                    3,
                    [
                        0
                    ]
                ],
                [
                    16,
                    [
                        11
                    ]
                ],
                [
                    45,
                    [
                        26
                    ]
                ]
            ],
            "n_nodes": 50,
            "outgoing": [
                [
                    37,
                    [
                        49
                    ]
                ],
                [
                    26,
                    [
                        45,
                        49
                    ]
                ],
                [
                    34,
                    [
                        37
                    ]
                ],
                [
                    25,
                    [
                        34
                    ]
                ],
                [
                    11,
                    [
                        16
                    ]
                ],
                [
                    3,
                    [
                        25
                    ]
                ],
                [
                    16,
                    [
                        26
                    ]
                ],
                [
                    0,
                    [
                        3,
                        11
                    ]
                ],
                [
                    45,
                    [
                        49
                    ]
                ]
            ],
            "sink": 49,
            "source": 0,
            "values": [
                [
                    158913790001,
                    15
                ],
                [
                    146028888101,
                    15
                ],
                [
                    11,
                    15
                ],
                [
                    111669149745,
                    11
                ],
                [
                    47244640272,
                    15
                ],
                [
                    3,
                    15
                ],
                [
                    107374182434,
                    15
                ],
                [
                    68719476762,
                    15
                ],
                [
                    12884901913,
                    15
                ],
                [
                    193273528369,
                    4
                ],
                [
                    111669149741,
                    4
                ]
            ]
        }
    },
    "cplex_cost": 680,
    "generator_parameters": {
        "alpha_1": 4,
        "alpha_2": 5,
        "alpha_3": 10,
        "alpha_4": 10,
        "cost_max": 20,
        "flow_value": 30,
        "inclusion_p": 0.30000001192092896,
        "max_span_q": 25,
        "n_nodes": 50,
        "vlb_p": 0.20000000298023224
    },
    "solver_parameters": {
        "best_of": 3,
        "flow_value": 30,
        "generation_size": 100,
        "improvements_stop": 1000,
        "num_perturbations": 2,
        "num_steps": 10000
    },
    "steps": [
        [
            0,
            1401
        ],
        [
            10,
            1401
        ],
        [
            20,
            1323
        ],
        [
            30,
            1263
        ],
        [
            40,
            1263
        ],
        [
            50,
            1237
        ],
        [
            60,
            1205
        ],
        [
            70,
            1205
        ],
        [
            80,
            1205
        ],
        [
            90,
            1205
        ],
        [
            100,
            1196
        ],
        [
            110,
            1156
        ],
        [
            120,
            1147
        ],
        [
            130,
            1124
        ],
        [
            140,
            1124
        ],
        [
            150,
            1124
        ],
        [
            160,
            1124
        ],
        [
            170,
            1124
        ],
        [
            180,
            1054
        ],
        [
            190,
            1054
        ],
        [
            200,
            1051
        ],
        [
            210,
            1051
        ],
        [
            220,
            1051
        ],
        [
            230,
            1051
        ],
        [
            240,
            1051
        ],
        [
            250,
            1051
        ],
        [
            260,
            1008
        ],
        [
            270,
            1008
        ],
        [
            280,
            1008
        ],
        [
            290,
            1008
        ],
        [
            300,
            992
        ],
        [
            310,
            992
        ],
        [
            320,
            987
        ],
        [
            330,
            987
        ],
        [
            340,
            974
        ],
        [
            350,
            941
        ],
        [
            360,
            941
        ],
        [
            370,
            941
        ],
        [
            380,
            941
        ],
        [
            390,
            938
        ],
        [
            400,
            938
        ],
        [
            410,
            938
        ],
        [
            420,
            932
        ],
        [
            430,
            932
        ],
        [
            440,
            921
        ],
        [
            450,
            912
        ],
        [
            460,
            912
        ],
        [
            470,
            912
        ],
        [
            480,
            912
        ],
        [
            490,
            912
        ],
        [
            500,
            912
        ],
        [
            510,
            888
        ],
        [
            520,
            888
        ],
        [
            530,
            888
        ],
        [
            540,
            888
        ],
        [
            550,
            888
        ],
        [
            560,
            888
        ],
        [
            570,
            886
        ],
        [
            580,
            877
        ],
        [
            590,
            877
        ],
        [
            600,
            864
        ],
        [
            610,
            864
        ],
        [
            620,
            864
        ],
        [
            630,
            855
        ],
        [
            640,
            852
        ],
        [
            650,
            852
        ],
        [
            660,
            847
        ],
        [
            670,
            832
        ],
        [
            680,
            832
        ],
        [
            690,
            832
        ],
        [
            700,
            830
        ],
        [
            710,
            830
        ],
        [
            720,
            830
        ],
        [
            730,
            830
        ],
        [
            740,
            825
        ],
        [
            750,
            825
        ],
        [
            760,
            825
        ],
        [
            770,
            822
        ],
        [
            780,
            822
        ],
        [
            790,
            819
        ],
        [
            800,
            819
        ],
        [
            810,
            815
        ],
        [
            820,
            815
        ],
        [
            830,
            815
        ],
        [
            840,
            811
        ],
        [
            850,
            811
        ],
        [
            860,
            811
        ],
        [
            870,
            811
        ],
        [
            880,
            805
        ],
        [
            890,
            805
        ],
        [
            900,
            805
        ],
        [
            910,
            805
        ],
        [
            920,
            805
        ],
        [
            930,
            805
        ],
        [
            940,
            797
        ],
        [
            950,
            797
        ],
        [
            960,
            797
        ],
        [
            970,
            797
        ],
        [
            980,
            796
        ],
        [
            990,
            796
        ],
        [
            1000,
            795
        ],
        [
            1010,
            795
        ],
        [
            1020,
            795
        ],
        [
            1030,
            795
        ],
        [
            1040,
            795
        ],
        [
            1050,
            793
        ],
        [
            1060,
            793
        ],
        [
            1070,
            793
        ],
        [
            1080,
            793
        ],
        [
            1090,
            793
        ],
        [
            1100,
            793
        ],
        [
            1110,
            793
        ],
        [
            1120,
            793
        ],
        [
            1130,
            793
        ],
        [
            1140,
            793
        ],
        [
            1150,
            793
        ],
        [
            1160,
            793
        ],
        [
            1170,
            793
        ],
        [
            1180,
            793
        ],
        [
            1190,
            793
        ],
        [
            1200,
            786
        ],
        [
            1210,
            786
        ],
        [
            1220,
            786
        ],
        [
            1230,
            786
        ],
        [
            1240,
            786
        ],
        [
            1250,
            786
        ],
        [
            1260,
            786
        ],
        [
            1270,
            786
        ],
        [
            1280,
            786
        ],
        [
            1290,
            786
        ],
        [
            1300,
            786
        ],
        [
            1310,
            786
        ],
        [
            1320,
            781
        ],
        [
            1330,
            779
        ],
        [
            1340,
            779
        ],
        [
            1350,
            779
        ],
        [
            1360,
            779
        ],
        [
            1370,
            779
        ],
        [
            1380,
            779
        ],
        [
            1390,
            779
        ],
        [
            1400,
            779
        ],
        [
            1410,
            779
        ],
        [
            1420,
            779
        ],
        [
            1430,
            779
        ],
        [
            1440,
            779
        ],
        [
            1450,
            779
        ],
        [
            1460,
            779
        ],
        [
            1470,
            779
        ],
        [
            1480,
            779
        ],
        [
            1490,
            779
        ],
        [
            1500,
            774
        ],
        [
            1510,
            774
        ],
        [
            1520,
            774
        ],
        [
            1530,
            774
        ],
        [
            1540,
            774
        ],
        [
            1550,
            774
        ],
        [
            1560,
            774
        ],
        [
            1570,
            774
        ],
        [
            1580,
            774
        ],
        [
            1590,
            774
        ],
        [
            1600,
            769
        ],
        [
            1610,
            769
        ],
        [
            1620,
            769
        ],
        [
            1630,
            769
        ],
        [
            1640,
            769
        ],
        [
            1650,
            769
        ],
        [
            1660,
            769
        ],
        [
            1670,
            769
        ],
        [
            1680,
            769
        ],
        [
            1690,
            769
        ],
        [
            1700,
            769
        ],
        [
            1710,
            769
        ],
        [
            1720,
            769
        ],
        [
            1730,
            769
        ],
        [
            1740,
            769
        ],
        [
            1750,
            769
        ],
        [
            1760,
            769
        ],
        [
            1770,
            769
        ],
        [
            1780,
            769
        ],
        [
            1790,
            769
        ],
        [
            1800,
            769
        ],
        [
            1810,
            769
        ],
        [
            1820,
            769
        ],
        [
            1830,
            769
        ],
        [
            1840,
            769
        ],
        [
            1850,
            769
        ],
        [
            1860,
            769
        ],
        [
            1870,
            769
        ],
        [
            1880,
            769
        ],
        [
            1890,
            769
        ],
        [
            1900,
            769
        ],
        [
            1910,
            769
        ],
        [
            1920,
            769
        ],
        [
            1930,
            769
        ],
        [
            1940,
            769
        ],
        [
            1950,
            769
        ],
        [
            1960,
            769
        ],
        [
            1970,
            769
        ],
        [
            1980,
            769
        ],
        [
            1990,
            769
        ],
        [
            2000,
            769
        ],
        [
            2010,
            769
        ],
        [
            2020,
            769
        ],
        [
            2030,
            769
        ],
        [
            2040,
            769
        ],
        [
            2050,
            769
        ],
        [
            2060,
            769
        ],
        [
            2070,
            769
        ],
        [
            2080,
            769
        ],
        [
            2090,
            769
        ],
        [
            2100,
            769
        ],
        [
            2110,
            769
        ],
        [
            2120,
            769
        ],
        [
            2130,
            769
        ],
        [
            2140,
            769
        ],
        [
            2150,
            769
        ],
        [
            2160,
            769
        ],
        [
            2170,
            769
        ],
        [
            2180,
            769
        ],
        [
            2190,
            769
        ],
        [
            2200,
            769
        ],
        [
            2210,
            769
        ],
        [
            2220,
            769
        ],
        [
            2230,
            769
        ],
        [
            2240,
            769
        ],
        [
            2250,
            769
        ],
        [
            2260,
            769
        ],
        [
            2270,
            769
        ],
        [
            2280,
            769
        ],
        [
            2290,
            769
        ],
        [
            2300,
            769
        ],
        [
            2310,
            769
        ],
        [
            2320,
            769
        ],
        [
            2330,
            769
        ],
        [
            2340,
            769
        ],
        [
            2350,
            769
        ],
        [
            2360,
            769
        ],
        [
            2370,
            769
        ],
        [
            2380,
            769
        ],
        [
            2390,
            769
        ],
        [
            2400,
            769
        ],
        [
            2410,
            769
        ],
        [
            2420,
            769
        ],
        [
            2430,
            769
        ],
        [
            2440,
            769
        ],
        [
            2450,
            769
        ],
        [
            2460,
            769
        ],
        [
            2470,
            769
        ],
        [
            2480,
            769
        ],
        [
            2490,
            769
        ],
        [
            2500,
            769
        ],
        [
            2510,
            769
        ],
        [
            2520,
            769
        ],
        [
            2530,
            769
        ],
        [
            2540,
            769
        ],
        [
            2550,
            769
        ],
        [
            2560,
            769
        ],
        [
            2570,
            769
        ],
        [
            2580,
            769
        ],
        [
            2590,
            769
        ],
        [
            2600,
            769
        ],
        [
            2610,
            769
        ],
        [
            2620,
            769
        ],
        [
            2630,
            769
        ],
        [
            2640,
            769
        ],
        [
            2650,
            769
        ],
        [
            2660,
            769
        ],
        [
            2670,
            769
        ],
        [
            2680,
            769
        ],
        [
            2690,
            769
        ],
        [
            2700,
            769
        ],
        [
            2710,
            769
        ],
        [
            2720,
            769
        ],
        [
            2730,
            769
        ],
        [
            2740,
            769
        ],
        [
            2750,
            769
        ],
        [
            2760,
            769
        ],
        [
            2770,
            769
        ],
        [
            2780,
            769
        ],
        [
            2790,
            769
        ],
        [
            2800,
            769
        ],
        [
            2810,
            769
        ],
        [
            2820,
            769
        ],
        [
            2830,
            769
        ],
        [
            2840,
            769
        ],
        [
            2850,
            769
        ],
        [
            2860,
            769
        ],
        [
            2870,
            769
        ],
        [
            2880,
            769
        ],
        [
            2890,
            769
        ],
        [
            2900,
            769
        ],
        [
            2910,
            769
        ],
        [
            2920,
            769
        ],
        [
            2930,
            769
        ],
        [
            2940,
            769
        ],
        [
            2950,
            769
        ],
        [
            2960,
            769
        ],
        [
            2970,
            769
        ],
        [
            2980,
            769
        ],
        [
            2990,
            769
        ],
        [
            3000,
            769
        ],
        [
            3010,
            769
        ],
        [
            3020,
            769
        ],
        [
            3030,
            769
        ],
        [
            3040,
            769
        ],
        [
            3050,
            769
        ],
        [
            3060,
            769
        ],
        [
            3070,
            769
        ],
        [
            3080,
            769
        ],
        [
            3090,
            762
        ],
        [
            3100,
            762
        ],
        [
            3110,
            762
        ],
        [
            3120,
            762
        ],
        [
            3130,
            762
        ],
        [
            3140,
            762
        ],
        [
            3150,
            762
        ],
        [
            3160,
            762
        ],
        [
            3170,
            762
        ],
        [
            3180,
            762
        ],
        [
            3190,
            762
        ],
        [
            3200,
            762
        ],
        [
            3210,
            762
        ],
        [
            3220,
            762
        ],
        [
            3230,
            762
        ],
        [
            3240,
            762
        ],
        [
            3250,
            762
        ],
        [
            3260,
            762
        ],
        [
            3270,
            762
        ],
        [
            3280,
            762
        ],
        [
            3290,
            762
        ],
        [
            3300,
            762
        ],
        [
            3310,
            762
        ],
        [
            3320,
            755
        ],
        [
            3330,
            755
        ],
        [
            3340,
            755
        ],
        [
            3350,
            755
        ],
        [
            3360,
            755
        ],
        [
            3370,
            755
        ],
        [
            3380,
            755
        ],
        [
            3390,
            755
        ],
        [
            3400,
            748
        ],
        [
            3410,
            748
        ],
        [
            3420,
            748
        ],
        [
            3430,
            748
        ],
        [
            3440,
            748
        ],
        [
            3450,
            748
        ],
        [
            3460,
            747
        ],
        [
            3470,
            747
        ],
        [
            3480,
            745
        ],
        [
            3490,
            745
        ],
        [
            3500,
            745
        ],
        [
            3510,
            745
        ],
        [
            3520,
            727
        ],
        [
            3530,
            727
        ],
        [
            3540,
            727
        ],
        [
            3550,
            727
        ],
        [
            3560,
            727
        ],
        [
            3570,
            727
        ],
        [
            3580,
            726
        ],
        [
            3590,
            726
        ],
        [
            3600,
            726
        ],
        [
            3610,
            726
        ],
        [
            3620,
            719
        ],
        [
            3630,
            719
        ],
        [
            3640,
            719
        ],
        [
            3650,
            715
        ],
        [
            3660,
            715
        ],
        [
            3670,
            715
        ],
        [
            3680,
            715
        ],
        [
            3690,
            715
        ],
        [
            3700,
            715
        ],
        [
            3710,
            715
        ],
        [
            3720,
            715
        ],
        [
            3730,
            715
        ],
        [
            3740,
            707
        ],
        [
            3750,
            707
        ],
        [
            3760,
            707
        ],
        [
            3770,
            707
        ],
        [
            3780,
            700
        ],
        [
            3790,
            700
        ],
        [
            3800,
            700
        ],
        [
            3810,
            700
        ],
        [
            3820,
            700
        ],
        [
            3830,
            700
        ],
        [
            3840,
            700
        ],
        [
            3850,
            700
        ],
        [
            3860,
            700
        ],
        [
            3870,
            700
        ],
        [
            3880,
            700
        ],
        [
            3890,
            700
        ],
        [
            3900,
            700
        ],
        [
            3910,
            700
        ],
        [
            3920,
            700
        ],
        [
            3930,
            700
        ],
        [
            3940,
            700
        ],
        [
            3950,
            700
        ],
        [
            3960,
            700
        ],
        [
            3970,
            700
        ],
        [
            3980,
            700
        ],
        [
            3990,
            700
        ],
        [
            4000,
            700
        ],
        [
            4010,
            700
        ],
        [
            4020,
            700
        ],
        [
            4030,
            700
        ],
        [
            4040,
            700
        ],
        [
            4050,
            700
        ],
        [
            4060,
            700
        ],
        [
            4070,
            700
        ],
        [
            4080,
            700
        ],
        [
            4090,
            700
        ],
        [
            4100,
            700
        ],
        [
            4110,
            700
        ],
        [
            4120,
            700
        ],
        [
            4130,
            700
        ],
        [
            4140,
            700
        ],
        [
            4150,
            700
        ],
        [
            4160,
            700
        ],
        [
            4170,
            700
        ],
        [
            4180,
            700
        ],
        [
            4190,
            700
        ],
        [
            4200,
            700
        ],
        [
            4210,
            700
        ],
        [
            4220,
            700
        ],
        [
            4230,
            700
        ],
        [
            4240,
            700
        ],
        [
            4250,
            700
        ],
        [
            4260,
            700
        ],
        [
            4270,
            700
        ],
        [
            4280,
            700
        ],
        [
            4290,
            700
        ],
        [
            4300,
            700
        ],
        [
            4310,
            700
        ],
        [
            4320,
            700
        ],
        [
            4330,
            700
        ],
        [
            4340,
            700
        ],
        [
            4350,
            700
        ],
        [
            4360,
            700
        ],
        [
            4370,
            700
        ],
        [
            4380,
            700
        ],
        [
            4390,
            700
        ],
        [
            4400,
            700
        ],
        [
            4410,
            700
        ],
        [
            4420,
            700
        ],
        [
            4430,
            700
        ],
        [
            4440,
            700
        ],
        [
            4450,
            700
        ],
        [
            4460,
            700
        ],
        [
            4470,
            700
        ],
        [
            4480,
            700
        ],
        [
            4490,
            700
        ],
        [
            4500,
            700
        ],
        [
            4510,
            700
        ],
        [
            4520,
            700
        ],
        [
            4530,
            700
        ],
        [
            4540,
            700
        ],
        [
            4550,
            700
        ],
        [
            4560,
            700
        ],
        [
            4570,
            700
        ],
        [
            4580,
            700
        ],
        [
            4590,
            700
        ],
        [
            4600,
            700
        ],
        [
            4610,
            700
        ],
        [
            4620,
            700
        ],
        [
            4630,
            700
        ],
        [
            4640,
            700
        ],
        [
            4650,
            700
        ],
        [
            4660,
            700
        ],
        [
            4670,
            700
        ],
        [
            4680,
            700
        ],
        [
            4690,
            700
        ],
        [
            4700,
            700
        ],
        [
            4710,
            700
        ],
        [
            4720,
            700
        ],
        [
            4730,
            700
        ],
        [
            4740,
            700
        ],
        [
            4750,
            700
        ],
        [
            4760,
            700
        ],
        [
            4770,
            700
        ],
        [
            4780,
            700
        ],
        [
            4790,
            700
        ],
        [
            4800,
            700
        ],
        [
            4810,
            700
        ],
        [
            4820,
            700
        ],
        [
            4830,
            700
        ],
        [
            4840,
            700
        ],
        [
            4850,
            700
        ],
        [
            4860,
            700
        ],
        [
            4870,
            700
        ],
        [
            4880,
            700
        ],
        [
            4890,
            700
        ],
        [
            4900,
            700
        ],
        [
            4910,
            700
        ],
        [
            4920,
            700
        ],
        [
            4930,
            700
        ],
        [
            4940,
            700
        ],
        [
            4950,
            700
        ],
        [
            4960,
            700
        ],
        [
            4970,
            700
        ],
        [
            4980,
            700
        ],
        [
            4990,
            700
        ],
        [
            5000,
            700
        ],
        [
            5010,
            700
        ],
        [
            5020,
            700
        ],
        [
            5030,
            700
        ],
        [
            5040,
            700
        ],
        [
            5050,
            700
        ],
        [
            5060,
            700
        ],
        [
            5070,
            700
        ],
        [
            5080,
            700
        ],
        [
            5090,
            700
        ],
        [
            5100,
            700
        ],
        [
            5110,
            700
        ],
        [
            5120,
            700
        ],
        [
            5130,
            700
        ],
        [
            5140,
            700
        ],
        [
            5150,
            700
        ],
        [
            5160,
            700
        ],
        [
            5170,
            700
        ],
        [
            5180,
            700
        ],
        [
            5190,
            700
        ],
        [
            5200,
            700
        ],
        [
            5210,
            700
        ],
        [
            5220,
            700
        ],
        [
            5230,
            700
        ],
        [
            5240,
            700
        ],
        [
            5250,
            700
        ],
        [
            5260,
            700
        ],
        [
            5270,
            700
        ],
        [
            5280,
            700
        ],
        [
            5290,
            700
        ],
        [
            5300,
            700
        ],
        [
            5310,
            700
        ],
        [
            5320,
            700
        ],
        [
            5330,
            700
        ],
        [
            5340,
            700
        ],
        [
            5350,
            700
        ],
        [
            5360,
            700
        ],
        [
            5370,
            700
        ],
        [
            5380,
            700
        ],
        [
            5390,
            700
        ],
        [
            5400,
            700
        ],
        [
            5410,
            700
        ],
        [
            5420,
            700
        ],
        [
            5430,
            700
        ],
        [
            5440,
            700
        ],
        [
            5450,
            700
        ],
        [
            5460,
            700
        ],
        [
            5470,
            700
        ],
        [
            5480,
            700
        ],
        [
            5490,
            700
        ],
        [
            5500,
            700
        ],
        [
            5510,
            700
        ],
        [
            5520,
            700
        ],
        [
            5530,
            700
        ],
        [
            5540,
            700
        ],
        [
            5550,
            700
        ],
        [
            5560,
            700
        ],
        [
            5570,
            700
        ],
        [
            5580,
            700
        ],
        [
            5590,
            700
        ],
        [
            5600,
            700
        ],
        [
            5610,
            700
        ],
        [
            5620,
            700
        ],
        [
            5630,
            700
        ],
        [
            5640,
            700
        ],
        [
            5650,
            700
        ],
        [
            5660,
            700
        ],
        [
            5670,
            700
        ],
        [
            5680,
            700
        ],
        [
            5690,
            700
        ],
        [
            5700,
            700
        ],
        [
            5710,
            700
        ],
        [
            5720,
            700
        ],
        [
            5730,
            700
        ],
        [
            5740,
            700
        ],
        [
            5750,
            700
        ],
        [
            5760,
            700
        ],
        [
            5770,
            700
        ],
        [
            5780,
            700
        ],
        [
            5790,
            700
        ],
        [
            5800,
            700
        ],
        [
            5810,
            700
        ],
        [
            5820,
            700
        ],
        [
            5830,
            700
        ],
        [
            5840,
            700
        ],
        [
            5850,
            700
        ],
        [
            5860,
            700
        ],
        [
            5870,
            700
        ],
        [
            5880,
            700
        ],
        [
            5890,
            700
        ],
        [
            5900,
            700
        ],
        [
            5910,
            700
        ],
        [
            5920,
            700
        ],
        [
            5930,
            700
        ],
        [
            5940,
            700
        ],
        [
            5950,
            700
        ],
        [
            5960,
            700
        ],
        [
            5970,
            700
        ],
        [
            5980,
            700
        ],
        [
            5990,
            700
        ],
        [
            6000,
            700
        ],
        [
            6010,
            700
        ],
        [
            6020,
            700
        ],
        [
            6030,
            700
        ],
        [
            6040,
            700
        ],
        [
            6050,
            700
        ],
        [
            6060,
            700
        ],
        [
            6070,
            700
        ],
        [
            6080,
            700
        ],
        [
            6090,
            700
        ],
        [
            6100,
            700
        ],
        [
            6110,
            700
        ],
        [
            6120,
            700
        ],
        [
            6130,
            700
        ],
        [
            6140,
            700
        ],
        [
            6150,
            700
        ],
        [
            6160,
            700
        ],
        [
            6170,
            700
        ],
        [
            6180,
            700
        ],
        [
            6190,
            700
        ],
        [
            6200,
            700
        ],
        [
            6210,
            700
        ],
        [
            6220,
            700
        ],
        [
            6230,
            700
        ],
        [
            6240,
            700
        ],
        [
            6250,
            700
        ],
        [
            6260,
            680
        ],
        [
            6270,
            680
        ],
        [
            6280,
            680
        ],
        [
            6290,
            680
        ],
        [
            6300,
            680
        ],
        [
            6310,
            680
        ],
        [
            6320,
            680
        ],
        [
            6330,
            680
        ],
        [
            6340,
            680
        ],
        [
            6350,
            680
        ],
        [
            6360,
            680
        ],
        [
            6370,
            680
        ],
        [
            6380,
            680
        ],
        [
            6390,
            680
        ],
        [
            6400,
            680
        ],
        [
            6410,
            680
        ],
        [
            6420,
            680
        ],
        [
            6430,
            680
        ],
        [
            6440,
            680
        ],
        [
            6450,
            680
        ],
        [
            6460,
            680
        ],
        [
            6470,
            680
        ],
        [
            6480,
            680
        ],
        [
            6490,
            680
        ],
        [
            6500,
            680
        ],
        [
            6510,
            680
        ],
        [
            6520,
            680
        ],
        [
            6530,
            680
        ],
        [
            6540,
            680
        ],
        [
            6550,
            680
        ],
        [
            6560,
            680
        ],
        [
            6570,
            680
        ],
        [
            6580,
            680
        ],
        [
            6590,
            680
        ],
        [
            6600,
            680
        ],
        [
            6610,
            680
        ],
        [
            6620,
            680
        ],
        [
            6630,
            680
        ],
        [
            6640,
            680
        ],
        [
            6650,
            680
        ],
        [
            6660,
            680
        ],
        [
            6670,
            680
        ],
        [
            6680,
            680
        ],
        [
            6690,
            680
        ],
        [
            6700,
            680
        ],
        [
            6710,
            680
        ],
        [
            6720,
            680
        ],
        [
            6730,
            680
        ],
        [
            6740,
            680
        ],
        [
            6750,
            680
        ],
        [
            6760,
            680
        ],
        [
            6770,
            680
        ],
        [
            6780,
            680
        ],
        [
            6790,
            680
        ],
        [
            6800,
            680
        ],
        [
            6810,
            680
        ],
        [
            6820,
            680
        ],
        [
            6830,
            680
        ],
        [
            6840,
            680
        ],
        [
            6850,
            680
        ],
        [
            6860,
            680
        ],
        [
            6870,
            680
        ],
        [
            6880,
            680
        ],
        [
            6890,
            680
        ],
        [
            6900,
            680
        ],
        [
            6910,
            680
        ],
        [
            6920,
            680
        ],
        [
            6930,
            680
        ],
        [
            6940,
            680
        ],
        [
            6950,
            680
        ],
        [
            6960,
            680
        ],
        [
            6970,
            680
        ],
        [
            6980,
            680
        ],
        [
            6990,
            680
        ],
        [
            7000,
            680
        ],
        [
            7010,
            680
        ],
        [
            7020,
            680
        ],
        [
            7030,
            680
        ],
        [
            7040,
            680
        ],
        [
            7050,
            680
        ],
        [
            7060,
            680
        ],
        [
            7070,
            680
        ],
        [
            7080,
            680
        ],
        [
            7090,
            680
        ],
        [
            7100,
            680
        ],
        [
            7110,
            680
        ],
        [
            7120,
            680
        ],
        [
            7130,
            680
        ],
        [
            7140,
            680
        ],
        [
            7150,
            680
        ],
        [
            7160,
            680
        ],
        [
            7170,
            680
        ],
        [
            7180,
            680
        ],
        [
            7190,
            680
        ],
        [
            7200,
            680
        ],
        [
            7210,
            680
        ],
        [
            7220,
            680
        ],
        [
            7230,
            680
        ],
        [
            7240,
            680
        ],
        [
            7250,
            680
        ],
        [
            7260,
            680
        ],
        [
            7270,
            680
        ],
        [
            7280,
            680
        ],
        [
            7290,
            680
        ],
        [
            7300,
            680
        ],
        [
            7310,
            680
        ],
        [
            7320,
            680
        ],
        [
            7330,
            680
        ],
        [
            7340,
            680
        ],
        [
            7350,
            680
        ],
        [
            7360,
            680
        ],
        [
            7370,
            680
        ],
        [
            7380,
            680
        ],
        [
            7390,
            680
        ],
        [
            7400,
            680
        ],
        [
            7410,
            680
        ],
        [
            7420,
            680
        ],
        [
            7430,
            680
        ],
        [
            7440,
            680
        ],
        [
            7450,
            680
        ],
        [
            7460,
            680
        ],
        [
            7470,
            680
        ],
        [
            7480,
            680
        ],
        [
            7490,
            680
        ],
        [
            7500,
            680
        ],
        [
            7510,
            680
        ],
        [
            7520,
            680
        ],
        [
            7530,
            680
        ],
        [
            7540,
            680
        ],
        [
            7550,
            680
        ],
        [
            7560,
            680
        ],
        [
            7570,
            680
        ],
        [
            7580,
            680
        ],
        [
            7590,
            680
        ],
        [
            7600,
            680
        ],
        [
            7610,
            680
        ],
        [
            7620,
            680
        ],
        [
            7630,
            680
        ],
        [
            7640,
            680
        ],
        [
            7650,
            680
        ],
        [
            7660,
            680
        ],
        [
            7670,
            680
        ],
        [
            7680,
            680
        ],
        [
            7690,
            680
        ],
        [
            7700,
            680
        ],
        [
            7710,
            680
        ],
        [
            7720,
            680
        ],
        [
            7730,
            680
        ],
        [
            7740,
            680
        ],
        [
            7750,
            680
        ],
        [
            7760,
            680
        ],
        [
            7770,
            680
        ],
        [
            7780,
            680
        ],
        [
            7790,
            680
        ],
        [
            7800,
            680
        ],
        [
            7810,
            680
        ],
        [
            7820,
            680
        ],
        [
            7830,
            680
        ],
        [
            7840,
            680
        ],
        [
            7850,
            680
        ],
        [
            7860,
            680
        ],
        [
            7870,
            680
        ],
        [
            7880,
            680
        ],
        [
            7890,
            680
        ],
        [
            7900,
            680
        ],
        [
            7910,
            680
        ],
        [
            7920,
            680
        ],
        [
            7930,
            680
        ],
        [
            7940,
            680
        ],
        [
            7950,
            680
        ],
        [
            7960,
            680
        ],
        [
            7970,
            680
        ],
        [
            7980,
            680
        ],
        [
            7990,
            680
        ],
        [
            8000,
            680
        ],
        [
            8010,
            680
        ],
        [
            8020,
            680
        ],
        [
            8030,
            680
        ],
        [
            8040,
            680
        ],
        [
            8050,
            680
        ],
        [
            8060,
            680
        ],
        [
            8070,
            680
        ],
        [
            8080,
            680
        ],
        [
            8090,
            680
        ],
        [
            8100,
            680
        ],
        [
            8110,
            680
        ],
        [
            8120,
            680
        ],
        [
            8130,
            680
        ],
        [
            8140,
            680
        ],
        [
            8150,
            680
        ],
        [
            8160,
            680
        ],
        [
            8170,
            680
        ],
        [
            8180,
            680
        ],
        [
            8190,
            680
        ],
        [
            8200,
            680
        ],
        [
            8210,
            680
        ],
        [
            8220,
            680
        ],
        [
            8230,
            680
        ],
        [
            8240,
            680
        ],
        [
            8250,
            680
        ],
        [
            8260,
            680
        ],
        [
            8270,
            680
        ],
        [
            8280,
            680
        ],
        [
            8290,
            680
        ],
        [
            8300,
            680
        ],
        [
            8310,
            680
        ],
        [
            8320,
            680
        ],
        [
            8330,
            680
        ],
        [
            8340,
            680
        ],
        [
            8350,
            680
        ],
        [
            8360,
            680
        ],
        [
            8370,
            680
        ],
        [
            8380,
            680
        ],
        [
            8390,
            680
        ],
        [
            8400,
            680
        ],
        [
            8410,
            680
        ],
        [
            8420,
            680
        ],
        [
            8430,
            680
        ],
        [
            8440,
            680
        ],
        [
            8450,
            680
        ],
        [
            8460,
            680
        ],
        [
            8470,
            680
        ],
        [
            8480,
            680
        ],
        [
            8490,
            680
        ],
        [
            8500,
            680
        ],
        [
            8510,
            680
        ],
        [
            8520,
            680
        ],
        [
            8530,
            680
        ],
        [
            8540,
            680
        ],
        [
            8550,
            680
        ],
        [
            8560,
            680
        ],
        [
            8570,
            680
        ],
        [
            8580,
            680
        ],
        [
            8590,
            680
        ],
        [
            8600,
            680
        ],
        [
            8610,
            680
        ],
        [
            8620,
            680
        ],
        [
            8630,
            680
        ],
        [
            8640,
            680
        ],
        [
            8650,
            680
        ],
        [
            8660,
            680
        ],
        [
            8670,
            680
        ],
        [
            8680,
            680
        ],
        [
            8690,
            680
        ],
        [
            8700,
            680
        ],
        [
            8710,
            680
        ],
        [
            8720,
            680
        ],
        [
            8730,
            680
        ],
        [
            8740,
            680
        ],
        [
            8750,
            680
        ],
        [
            8760,
            680
        ],
        [
            8770,
            680
        ],
        [
            8780,
            680
        ],
        [
            8790,
            680
        ],
        [
            8800,
            680
        ],
        [
            8810,
            680
        ],
        [
            8820,
            680
        ],
        [
            8830,
            680
        ],
        [
            8840,
            680
        ],
        [
            8850,
            680
        ],
        [
            8860,
            680
        ],
        [
            8870,
            680
        ],
        [
            8880,
            680
        ],
        [
            8890,
            680
        ],
        [
            8900,
            680
        ],
        [
            8910,
            680
        ],
        [
            8920,
            680
        ],
        [
            8930,
            680
        ],
        [
            8940,
            680
        ],
        [
            8950,
            680
        ],
        [
            8960,
            680
        ],
        [
            8970,
            680
        ],
        [
            8980,
            680
        ],
        [
            8990,
            680
        ],
        [
            9000,
            680
        ],
        [
            9010,
            680
        ],
        [
            9020,
            680
        ],
        [
            9030,
            680
        ],
        [
            9040,
            680
        ],
        [
            9050,
            680
        ],
        [
            9060,
            680
        ],
        [
            9070,
            680
        ],
        [
            9080,
            680
        ],
        [
            9090,
            680
        ],
        [
            9100,
            680
        ],
        [
            9110,
            680
        ],
        [
            9120,
            680
        ],
        [
            9130,
            680
        ],
        [
            9140,
            680
        ],
        [
            9150,
            680
        ],
        [
            9160,
            680
        ],
        [
            9170,
            680
        ],
        [
            9180,
            680
        ],
        [
            9190,
            680
        ],
        [
            9200,
            680
        ],
        [
            9210,
            680
        ],
        [
            9220,
            680
        ],
        [
            9230,
            680
        ],
        [
            9240,
            680
        ],
        [
            9250,
            680
        ],
        [
            9260,
            680
        ],
        [
            9270,
            680
        ],
        [
            9280,
            680
        ],
        [
            9290,
            680
        ],
        [
            9300,
            680
        ],
        [
            9310,
            680
        ],
        [
            9320,
            680
        ],
        [
            9330,
            680
        ],
        [
            9340,
            680
        ],
        [
            9350,
            680
        ],
        [
            9360,
            680
        ],
        [
            9370,
            680
        ],
        [
            9380,
            680
        ],
        [
            9390,
            680
        ],
        [
            9400,
            680
        ],
        [
            9410,
            680
        ],
        [
            9420,
            680
        ],
        [
            9430,
            680
        ],
        [
            9440,
            680
        ],
        [
            9450,
            680
        ],
        [
            9460,
            680
        ],
        [
            9470,
            680
        ],
        [
            9480,
            680
        ],
        [
            9490,
            680
        ],
        [
            9500,
            680
        ],
        [
            9510,
            680
        ],
        [
            9520,
            680
        ],
        [
            9530,
            680
        ],
        [
            9540,
            680
        ],
        [
            9550,
            680
        ],
        [
            9560,
            680
        ],
        [
            9570,
            680
        ],
        [
            9580,
            680
        ],
        [
            9590,
            680
        ],
        [
            9600,
            680
        ],
        [
            9610,
            680
        ],
        [
            9620,
            680
        ],
        [
            9630,
            680
        ],
        [
            9640,
            680
        ],
        [
            9650,
            680
        ],
        [
            9660,
            680
        ],
        [
            9670,
            680
        ],
        [
            9680,
            680
        ],
        [
            9690,
            680
        ],
        [
            9700,
            680
        ],
        [
            9710,
            680
        ],
        [
            9720,
            680
        ],
        [
            9730,
            680
        ],
        [
            9740,
            680
        ],
        [
            9750,
            680
        ],
        [
            9760,
            680
        ],
        [
            9770,
            680
        ],
        [
            9780,
            680
        ],
        [
            9790,
            680
        ],
        [
            9800,
            680
        ],
        [
            9810,
            680
        ],
        [
            9820,
            680
        ],
        [
            9830,
            680
        ],
        [
            9840,
            680
        ],
        [
            9850,
            680
        ],
        [
            9860,
            680
        ],
        [
            9870,
            680
        ],
        [
            9880,
            680
        ],
        [
            9890,
            680
        ],
        [
            9900,
            680
        ],
        [
            9910,
            680
        ],
        [
            9920,
            680
        ],
        [
            9930,
            680
        ],
        [
            9940,
            680
        ],
        [
            9950,
            680
        ],
        [
            9960,
            680
        ],
        [
            9970,
            680
        ],
        [
            9980,
            680
        ],
        [
            9990,
            680
        ]
    ]
}
