{
    "best_solution": {
        "active_vlbs": [
            120259084335,
            201863462961
        ],
        "cost": 320,
        "flow": {
            "incoming": [
                [
                    25,
                    [
                        16,
                        20
                    ]
                ],
                [
                    49,
                    [
                        25,
                        26,
                        47
                    ]
                ],
                [
                    26,
                    [
                        11
                    ]
                ],
                [
                    11,
                    [
                        0
                    ]
                ],
                [
                    28,
                    [
                        23
                    ]
                ],
                [
                    20,
                    [
                        0
                    ]
                ],
                [
                    23,
                    [
                        12
                    ]
                ],
                [
                    47,
                    [
                        28
                    ]
                ],
                [
                    12,
                    [
                        0
                    ]
                ],
                [
                    16,
                    [
                        12
                    ]
                ]
            ],
            "n_nodes": 50,
            "outgoing": [
                [
                    26,
                    [
                        49
                    ]
                ],
                [
                    11,
                    [
                        26
                    ]
                ],
                [
                    0,
                    [
                        11,
                        12,
                        20
                    ]
                ],
                [
                    25,
                    [
                        49
                    ]
                ],
                [
                    28,
                    [
                        47
                    ]
                ],
                [
                    20,
                    [
                        25
                    ]
                ],
                [
                    23,
                    [
                        28
                    ]
                ],
                [
                    47,
                    [
                        49
                    ]
                ],
                [
                    12,
                    [
                        16,
                        23
                    ]
                ],
                [
                    16,
                    [
                        25
                    ]
                ]
            ],
            "sink": 49,
            "source": 0,
            "values": [
                [
                    98784247836,
                    7
                ],
                [
                    51539607575,
                    7
                ],
                [
                    11,
                    11
                ],
                [
                    111669149745,
                    11
                ],
                [
                    47244640282,
                    11
                ],
                [
                    107374182449,
                    12
                ],
                [
                    85899345945,
                    10
                ],
                [
                    20,
                    10
                ],
                [
                    201863462961,
                    7
                ],
                [
                    120259084335,
                    7
                ],
                [
                    12,
                    9
                ],
                [
                    68719476761,
                    2
                ],
                [
                    51539607568,
                    2
                ]
            ]
        }
    },
    "cplex_cost": 270,
    "generator_parameters": {
        "alpha_1": 4,
        "alpha_2": 5,
        "alpha_3": 10,
        "alpha_4": 10,
        "cost_max": 20,
        "flow_value": 30,
        "inclusion_p": 0.6000000238418579,
        "max_span_q": 25,
        "n_nodes": 50,
        "vlb_p": 0.20000000298023224
    },
    "solver_parameters": {
        "best_of": 3,
        "flow_value": 30,
        "generation_size": 100,
        "improvements_stop": 1000,
        "num_perturbations": 2,
        "num_steps": 10000
    },
    "steps": [
        [
            0,
            1623
        ],
        [
            10,
            1587
        ],
        [
            20,
            1587
        ],
        [
            30,
            1587
        ],
        [
            40,
            1557
        ],
        [
            50,
            1490
        ],
        [
            60,
            1490
        ],
        [
            70,
            1490
        ],
        [
            80,
            1429
        ],
        [
            90,
            1429
        ],
        [
            100,
            1429
        ],
        [
            110,
            1429
        ],
        [
            120,
            1429
        ],
        [
            130,
            1429
        ],
        [
            140,
            1330
        ],
        [
            150,
            1330
        ],
        [
            160,
            1330
        ],
        [
            170,
            1330
        ],
        [
            180,
            1330
        ],
        [
            190,
            1289
        ],
        [
            200,
            1289
        ],
        [
            210,
            1289
        ],
        [
            220,
            1289
        ],
        [
            230,
            1274
        ],
        [
            240,
            1274
        ],
        [
            250,
            1250
        ],
        [
            260,
            1250
        ],
        [
            270,
            1248
        ],
        [
            280,
            1240
        ],
        [
            290,
            1196
        ],
        [
            300,
            1156
        ],
        [
            310,
            1156
        ],
        [
            320,
            1156
        ],
        [
            330,
            1156
        ],
        [
            340,
            1156
        ],
        [
            350,
            1156
        ],
        [
            360,
            1150
        ],
        [
            370,
            1150
        ],
        [
            380,
            1037
        ],
        [
            390,
            1037
        ],
        [
            400,
            1037
        ],
        [
            410,
            1037
        ],
        [
            420,
            1037
        ],
        [
            430,
            1037
        ],
        [
            440,
            1037
        ],
        [
            450,
            1037
        ],
        [
            460,
            1037
        ],
        [
            470,
            1037
        ],
        [
            480,
            1037
        ],
        [
            490,
            1037
        ],
        [
            500,
            1037
        ],
        [
            510,
            1037
        ],
        [
            520,
            1037
        ],
        [
            530,
            1037
        ],
        [
            540,
            1000
        ],
        [
            550,
            1000
        ],
        [
            560,
            1000
        ],
        [
            570,
            1000
        ],
        [
            580,
            1000
        ],
        [
            590,
            1000
        ],
        [
            600,
            1000
        ],
        [
            610,
            1000
        ],
        [
            620,
            1000
        ],
        [
            630,
            1000
        ],
        [
            640,
            878
        ],
        [
            650,
            878
        ],
        [
            660,
            878
        ],
        [
            670,
            878
        ],
        [
            680,
            878
        ],
        [
            690,
            878
        ],
        [
            700,
            878
        ],
        [
            710,
            878
        ],
        [
            720,
            864
        ],
        [
            730,
            864
        ],
        [
            740,
            864
        ],
        [
            750,
            835
        ],
        [
            760,
            835
        ],
        [
            770,
            835
        ],
        [
            780,
            816
        ],
        [
            790,
            816
        ],
        [
            800,
            816
        ],
        [
            810,
            816
        ],
        [
            820,
            816
        ],
        [
            830,
            816
        ],
        [
            840,
            816
        ],
        [
            850,
            795
        ],
        [
            860,
            795
        ],
        [
            870,
            795
        ],
        [
            880,
            795
        ],
        [
            890,
            795
        ],
        [
            900,
            795
        ],
        [
            910,
            795
        ],
        [
            920,
            750
        ],
        [
            930,
            750
        ],
        [
            940,
            750
        ],
        [
            950,
            750
        ],
        [
            960,
            750
        ],
        [
            970,
            750
        ],
        [
            980,
            750
        ],
        [
            990,
            750
        ],
        [
            1000,
            750
        ],
        [
            1010,
            749
        ],
        [
            1020,
            749
        ],
        [
            1030,
            749
        ],
        [
            1040,
            731
        ],
        [
            1050,
            731
        ],
        [
            1060,
            731
        ],
        [
            1070,
            731
        ],
        [
            1080,
            731
        ],
        [
            1090,
            731
        ],
        [
            1100,
            731
        ],
        [
            1110,
            731
        ],
        [
            1120,
            731
        ],
        [
            1130,
            715
        ],
        [
            1140,
            715
        ],
        [
            1150,
            711
        ],
        [
            1160,
            711
        ],
        [
            1170,
            711
        ],
        [
            1180,
            711
        ],
        [
            1190,
            706
        ],
        [
            1200,
            689
        ],
        [
            1210,
            687
        ],
        [
            1220,
            687
        ],
        [
            1230,
            670
        ],
        [
            1240,
            662
        ],
        [
            1250,
            662
        ],
        [
            1260,
            662
        ],
        [
            1270,
            662
        ],
        [
            1280,
            662
        ],
        [
            1290,
            662
        ],
        [
            1300,
            662
        ],
        [
            1310,
            662
        ],
        [
            1320,
            662
        ],
        [
            1330,
            660
        ],
        [
            1340,
            660
        ],
        [
            1350,
            637
        ],
        [
            1360,
            637
        ],
        [
            1370,
            637
        ],
        [
            1380,
            617
        ],
        [
            1390,
            617
        ],
        [
            1400,
            617
        ],
        [
            1410,
            617
        ],
        [
            1420,
            617
        ],
        [
            1430,
            617
        ],
        [
            1440,
            617
        ],
        [
            1450,
            617
        ],
        [
            1460,
            617
        ],
        [
            1470,
            617
        ],
        [
            1480,
            607
        ],
        [
            1490,
            607
        ],
        [
            1500,
            607
        ],
        [
            1510,
            607
        ],
        [
            1520,
            607
        ],
        [
            1530,
            607
        ],
        [
            1540,
            607
        ],
        [
            1550,
            607
        ],
        [
            1560,
            592
        ],
        [
            1570,
            592
        ],
        [
            1580,
            554
        ],
        [
            1590,
            554
        ],
        [
            1600,
            554
        ],
        [
            1610,
            554
        ],
        [
            1620,
            554
        ],
        [
            1630,
            554
        ],
        [
            1640,
            554
        ],
        [
            1650,
            553
        ],
        [
            1660,
            553
        ],
        [
            1670,
            552
        ],
        [
            1680,
            552
        ],
        [
            1690,
            552
        ],
        [
            1700,
            552
        ],
        [
            1710,
            552
        ],
        [
            1720,
            552
        ],
        [
            1730,
            552
        ],
        [
            1740,
            552
        ],
        [
            1750,
            532
        ],
        [
            1760,
            532
        ],
        [
            1770,
            532
        ],
        [
            1780,
            532
        ],
        [
            1790,
            532
        ],
        [
            1800,
            532
        ],
        [
            1810,
            528
        ],
        [
            1820,
            528
        ],
        [
            1830,
            528
        ],
        [
            1840,
            528
        ],
        [
            1850,
            513
        ],
        [
            1860,
            513
        ],
        [
            1870,
            504
        ],
        [
            1880,
            492
        ],
        [
            1890,
            492
        ],
        [
            1900,
            492
        ],
        [
            1910,
            492
        ],
        [
            1920,
            492
        ],
        [
            1930,
            490
        ],
        [
            1940,
            490
        ],
        [
            1950,
            490
        ],
        [
            1960,
            478
        ],
        [
            1970,
            469
        ],
        [
            1980,
            469
        ],
        [
            1990,
            469
        ],
        [
            2000,
            469
        ],
        [
            2010,
            469
        ],
        [
            2020,
            466
        ],
        [
            2030,
            466
        ],
        [
            2040,
            466
        ],
        [
            2050,
            466
        ],
        [
            2060,
            466
        ],
        [
            2070,
            464
        ],
        [
            2080,
            464
        ],
        [
            2090,
            458
        ],
        [
            2100,
            458
        ],
        [
            2110,
            450
        ],
        [
            2120,
            450
        ],
        [
            2130,
            450
        ],
        [
            2140,
            450
        ],
        [
            2150,
            448
        ],
        [
            2160,
            444
        ],
        [
            2170,
            444
        ],
        [
            2180,
            423
        ],
        [
            2190,
            423
        ],
        [
            2200,
            423
        ],
        [
            2210,
            423
        ],
        [
            2220,
            423
        ],
        [
            2230,
            422
        ],
        [
            2240,
            420
        ],
        [
            2250,
            420
        ],
        [
            2260,
            420
        ],
        [
            2270,
            420
        ],
        [
            2280,
            420
        ],
        [
            2290,
            420
        ],
        [
            2300,
            420
        ],
        [
            2310,
            420
        ],
        [
            2320,
            420
        ],
        [
            2330,
            420
        ],
        [
            2340,
            419
        ],
        [
            2350,
            409
        ],
        [
            2360,
            407
        ],
        [
            2370,
            407
        ],
        [
            2380,
            407
        ],
        [
            2390,
            396
        ],
        [
            2400,
            396
        ],
        [
            2410,
            396
        ],
        [
            2420,
            396
        ],
        [
            2430,
            396
        ],
        [
            2440,
            396
        ],
        [
            2450,
            396
        ],
        [
            2460,
            396
        ],
        [
            2470,
            396
        ],
        [
            2480,
            396
        ],
        [
            2490,
            396
        ],
        [
            2500,
            396
        ],
        [
            2510,
            394
        ],
        [
            2520,
            394
        ],
        [
            2530,
            394
        ],
        [
            2540,
            394
        ],
        [
            2550,
            394
        ],
        [
            2560,
            394
        ],
        [
            2570,
            392
        ],
        [
            2580,
            392
        ],
        [
            2590,
            392
        ],
        [
            2600,
            392
        ],
        [
            2610,
            392
        ],
        [
            2620,
            392
        ],
        [
            2630,
            392
        ],
        [
            2640,
            392
        ],
        [
            2650,
            392
        ],
        [
            2660,
            392
        ],
        [
            2670,
            392
        ],
        [
            2680,
            392
        ],
        [
            2690,
            390
        ],
        [
            2700,
            390
        ],
        [
            2710,
            390
        ],
        [
            2720,
            390
        ],
        [
            2730,
            390
        ],
        [
            2740,
            390
        ],
        [
            2750,
            390
        ],
        [
            2760,
            390
        ],
        [
            2770,
            390
        ],
        [
            2780,
            390
        ],
        [
            2790,
            390
        ],
        [
            2800,
            390
        ],
        [
            2810,
            390
        ],
        [
            2820,
            390
        ],
        [
            2830,
            390
        ],
        [
            2840,
            390
        ],
        [
            2850,
            390
        ],
        [
            2860,
            390
        ],
        [
            2870,
            388
        ],
        [
            2880,
            388
        ],
        [
            2890,
            388
        ],
        [
            2900,
            388
        ],
        [
            2910,
            388
        ],
        [
            2920,
            388
        ],
        [
            2930,
            388
        ],
        [
            2940,
            388
        ],
        [
            2950,
            388
        ],
        [
            2960,
            388
        ],
        [
            2970,
            388
        ],
        [
            2980,
            388
        ],
        [
            2990,
            388
        ],
        [
            3000,
            388
        ],
        [
            3010,
            388
        ],
        [
            3020,
            388
        ],
        [
            3030,
            388
        ],
        [
            3040,
            388
        ],
        [
            3050,
            388
        ],
        [
            3060,
            388
        ],
        [
            3070,
            388
        ],
        [
            3080,
            388
        ],
        [
            3090,
            388
        ],
        [
            3100,
            388
        ],
        [
            3110,
            388
        ],
        [
            3120,
            388
        ],
        [
            3130,
            388
        ],
        [
            3140,
            388
        ],
        [
            3150,
            388
        ],
        [
            3160,
            388
        ],
        [
            3170,
            388
        ],
        [
            3180,
            388
        ],
        [
            3190,
            388
        ],
        [
            3200,
            388
        ],
        [
            3210,
            388
        ],
        [
            3220,
            388
        ],
        [
            3230,
            388
        ],
        [
            3240,
            388
        ],
        [
            3250,
            388
        ],
        [
            3260,
            388
        ],
        [
            3270,
            388
        ],
        [
            3280,
            388
        ],
        [
            3290,
            388
        ],
        [
            3300,
            388
        ],
        [
            3310,
            388
        ],
        [
            3320,
            388
        ],
        [
            3330,
            388
        ],
        [
            3340,
            388
        ],
        [
            3350,
            388
        ],
        [
            3360,
            388
        ],
        [
            3370,
            388
        ],
        [
            3380,
            388
        ],
        [
            3390,
            388
        ],
        [
            3400,
            388
        ],
        [
            3410,
            388
        ],
        [
            3420,
            388
        ],
        [
            3430,
            388
        ],
        [
            3440,
            388
        ],
        [
            3450,
            388
        ],
        [
            3460,
            388
        ],
        [
            3470,
            388
        ],
        [
            3480,
            388
        ],
        [
            3490,
            388
        ],
        [
            3500,
            388
        ],
        [
            3510,
            388
        ],
        [
            3520,
            388
        ],
        [
            3530,
            388
        ],
        [
            3540,
            388
        ],
        [
            3550,
            388
        ],
        [
            3560,
            388
        ],
        [
            3570,
            388
        ],
        [
            3580,
            388
        ],
        [
            3590,
            388
        ],
        [
            3600,
            388
        ],
        [
            3610,
            388
        ],
        [
            3620,
            388
        ],
        [
            3630,
            388
        ],
        [
            3640,
            388
        ],
        [
            3650,
            388
        ],
        [
            3660,
            388
        ],
        [
            3670,
            388
        ],
        [
            3680,
            388
        ],
        [
            3690,
            388
        ],
        [
            3700,
            388
        ],
        [
            3710,
            388
        ],
        [
            3720,
            388
        ],
        [
            3730,
            388
        ],
        [
            3740,
            388
        ],
        [
            3750,
            388
        ],
        [
            3760,
            388
        ],
        [
            3770,
            388
        ],
        [
            3780,
            388
        ],
        [
            3790,
            388
        ],
        [
            3800,
            388
        ],
        [
            3810,
            388
        ],
        [
            3820,
            388
        ],
        [
            3830,
            388
        ],
        [
            3840,
            388
        ],
        [
            3850,
            388
        ],
        [
            3860,
            388
        ],
        [
            3870,
            388
        ],
        [
            3880,
            388
        ],
        [
            3890,
            388
        ],
        [
            3900,
            388
        ],
        [
            3910,
            388
        ],
        [
            3920,
            388
        ],
        [
            3930,
            388
        ],
        [
            3940,
            388
        ],
        [
            3950,
            388
        ],
        [
            3960,
            388
        ],
        [
            3970,
            388
        ],
        [
            3980,
            388
        ],
        [
            3990,
            388
        ],
        [
            4000,
            388
        ],
        [
            4010,
            388
        ],
        [
            4020,
            388
        ],
        [
            4030,
            388
        ],
        [
            4040,
            388
        ],
        [
            4050,
            388
        ],
        [
            4060,
            388
        ],
        [
            4070,
            388
        ],
        [
            4080,
            388
        ],
        [
            4090,
            388
        ],
        [
            4100,
            388
        ],
        [
            4110,
            388
        ],
        [
            4120,
            388
        ],
        [
            4130,
            388
        ],
        [
            4140,
            388
        ],
        [
            4150,
            388
        ],
        [
            4160,
            388
        ],
        [
            4170,
            388
        ],
        [
            4180,
            388
        ],
        [
            4190,
            388
        ],
        [
            4200,
            388
        ],
        [
            4210,
            388
        ],
        [
            4220,
            388
        ],
        [
            4230,
            388
        ],
        [
            4240,
            388
        ],
        [
            4250,
            388
        ],
        [
            4260,
            388
        ],
        [
            4270,
            388
        ],
        [
            4280,
            388
        ],
        [
            4290,
            388
        ],
        [
            4300,
            388
        ],
        [
            4310,
            388
        ],
        [
            4320,
            388
        ],
        [
            4330,
            388
        ],
        [
            4340,
            388
        ],
        [
            4350,
            388
        ],
        [
            4360,
            388
        ],
        [
            4370,
            388
        ],
        [
            4380,
            388
        ],
        [
            4390,
            388
        ],
        [
            4400,
            388
        ],
        [
            4410,
            388
        ],
        [
            4420,
            388
        ],
        [
            4430,
            388
        ],
        [
            4440,
            388
        ],
        [
            4450,
            388
        ],
        [
            4460,
            388
        ],
        [
            4470,
            388
        ],
        [
            4480,
            388
        ],
        [
            4490,
            388
        ],
        [
            4500,
            388
        ],
        [
            4510,
            388
        ],
        [
            4520,
            388
        ],
        [
            4530,
            388
        ],
        [
            4540,
            388
        ],
        [
            4550,
            388
        ],
        [
            4560,
            388
        ],
        [
            4570,
            388
        ],
        [
            4580,
            388
        ],
        [
            4590,
            388
        ],
        [
            4600,
            388
        ],
        [
            4610,
            388
        ],
        [
            4620,
            388
        ],
        [
            4630,
            388
        ],
        [
            4640,
            388
        ],
        [
            4650,
            388
        ],
        [
            4660,
            388
        ],
        [
            4670,
            388
        ],
        [
            4680,
            388
        ],
        [
            4690,
            388
        ],
        [
            4700,
            388
        ],
        [
            4710,
            388
        ],
        [
            4720,
            388
        ],
        [
            4730,
            388
        ],
        [
            4740,
            388
        ],
        [
            4750,
            387
        ],
        [
            4760,
            387
        ],
        [
            4770,
            387
        ],
        [
            4780,
            387
        ],
        [
            4790,
            387
        ],
        [
            4800,
            385
        ],
        [
            4810,
            383
        ],
        [
            4820,
            383
        ],
        [
            4830,
            383
        ],
        [
            4840,
            383
        ],
        [
            4850,
            383
        ],
        [
            4860,
            383
        ],
        [
            4870,
            383
        ],
        [
            4880,
            383
        ],
        [
            4890,
            383
        ],
        [
            4900,
            383
        ],
        [
            4910,
            383
        ],
        [
            4920,
            383
        ],
        [
            4930,
            383
        ],
        [
            4940,
            383
        ],
        [
            4950,
            383
        ],
        [
            4960,
            383
        ],
        [
            4970,
            383
        ],
        [
            4980,
            383
        ],
        [
            4990,
            382
        ],
        [
            5000,
            380
        ],
        [
            5010,
            373
        ],
        [
            5020,
            373
        ],
        [
            5030,
            373
        ],
        [
            5040,
            373
        ],
        [
            5050,
            373
        ],
        [
            5060,
            373
        ],
        [
            5070,
            373
        ],
        [
            5080,
            373
        ],
        [
            5090,
            372
        ],
        [
            5100,
            372
        ],
        [
            5110,
            372
        ],
        [
            5120,
            372
        ],
        [
            5130,
            372
        ],
        [
            5140,
            371
        ],
        [
            5150,
            371
        ],
        [
            5160,
            370
        ],
        [
            5170,
            370
        ],
        [
            5180,
            370
        ],
        [
            5190,
            370
        ],
        [
            5200,
            370
        ],
        [
            5210,
            370
        ],
        [
            5220,
            369
        ],
        [
            5230,
            367
        ],
        [
            5240,
            365
        ],
        [
            5250,
            361
        ],
        [
            5260,
            361
        ],
        [
            5270,
            361
        ],
        [
            5280,
            360
        ],
        [
            5290,
            360
        ],
        [
            5300,
            360
        ],
        [
            5310,
            360
        ],
        [
            5320,
            360
        ],
        [
            5330,
            360
        ],
        [
            5340,
            352
        ],
        [
            5350,
            352
        ],
        [
            5360,
            352
        ],
        [
            5370,
            352
        ],
        [
            5380,
            352
        ],
        [
            5390,
            352
        ],
        [
            5400,
            352
        ],
        [
            5410,
            352
        ],
        [
            5420,
            352
        ],
        [
            5430,
            352
        ],
        [
            5440,
            352
        ],
        [
            5450,
            352
        ],
        [
            5460,
            352
        ],
        [
            5470,
            352
        ],
        [
            5480,
            352
        ],
        [
            5490,
            352
        ],
        [
            5500,
            352
        ],
        [
            5510,
            352
        ],
        [
            5520,
            352
        ],
        [
            5530,
            352
        ],
        [
            5540,
            352
        ],
        [
            5550,
            352
        ],
        [
            5560,
            352
        ],
        [
            5570,
            352
        ],
        [
            5580,
            352
        ],
        [
            5590,
            352
        ],
        [
            5600,
            352
        ],
        [
            5610,
            352
        ],
        [
            5620,
            352
        ],
        [
            5630,
            352
        ],
        [
            5640,
            352
        ],
        [
            5650,
            352
        ],
        [
            5660,
            352
        ],
        [
            5670,
            352
        ],
        [
            5680,
            352
        ],
        [
            5690,
            352
        ],
        [
            5700,
            352
        ],
        [
            5710,
            352
        ],
        [
            5720,
            352
        ],
        [
            5730,
            352
        ],
        [
            5740,
            352
        ],
        [
            5750,
            352
        ],
        [
            5760,
            352
        ],
        [
            5770,
            352
        ],
        [
            5780,
            352
        ],
        [
            5790,
            352
        ],
        [
            5800,
            352
        ],
        [
            5810,
            352
        ],
        [
            5820,
            352
        ],
        [
            5830,
            352
        ],
        [
            5840,
            352
        ],
        [
            5850,
            352
        ],
        [
            5860,
            352
        ],
        [
            5870,
            352
        ],
        [
            5880,
            352
        ],
        [
            5890,
            352
        ],
        [
            5900,
            352
        ],
        [
            5910,
            352
        ],
        [
            5920,
            352
        ],
        [
            5930,
            352
        ],
        [
            5940,
            352
        ],
        [
            5950,
            352
        ],
        [
            5960,
            352
        ],
        [
            5970,
            352
        ],
        [
            5980,
            352
        ],
        [
            5990,
            352
        ],
        [
            6000,
            352
        ],
        [
            6010,
            352
        ],
        [
            6020,
            352
        ],
        [
            6030,
            352
        ],
        [
            6040,
            352
        ],
        [
            6050,
            352
        ],
        [
            6060,
            352
        ],
        [
            6070,
            352
        ],
        [
            6080,
            352
        ],
        [
            6090,
            352
        ],
        [
            6100,
            352
        ],
        [
            6110,
            352
        ],
        [
            6120,
            352
        ],
        [
            6130,
            352
        ],
        [
            6140,
            352
        ],
        [
            6150,
            352
        ],
        [
            6160,
            352
        ],
        [
            6170,
            352
        ],
        [
            6180,
            352
        ],
        [
            6190,
            352
        ],
        [
            6200,
            352
        ],
        [
            6210,
            352
        ],
        [
            6220,
            352
        ],
        [
            6230,
            352
        ],
        [
            6240,
            352
        ],
        [
            6250,
            352
        ],
        [
            6260,
            352
        ],
        [
            6270,
            352
        ],
        [
            6280,
            352
        ],
        [
            6290,
            352
        ],
        [
            6300,
            352
        ],
        [
            6310,
            352
        ],
        [
            6320,
            352
        ],
        [
            6330,
            352
        ],
        [
            6340,
            352
        ],
        [
            6350,
            352
        ],
        [
            6360,
            352
        ],
        [
            6370,
            352
        ],
        [
            6380,
            352
        ],
        [
            6390,
            352
        ],
        [
            6400,
            352
        ],
        [
            6410,
            352
        ],
        [
            6420,
            352
        ],
        [
            6430,
            352
        ],
        [
            6440,
            352
        ],
        [
            6450,
            352
        ],
        [
            6460,
            352
        ],
        [
            6470,
            352
        ],
        [
            6480,
            352
        ],
        [
            6490,
            352
        ],
        [
            6500,
            352
        ],
        [
            6510,
            352
        ],
        [
            6520,
            352
        ],
        [
            6530,
            352
        ],
        [
            6540,
            352
        ],
        [
            6550,
            352
        ],
        [
            6560,
            352
        ],
        [
            6570,
            352
        ],
        [
            6580,
            352
        ],
        [
            6590,
            352
        ],
        [
            6600,
            352
        ],
        [
            6610,
            352
        ],
        [
            6620,
            352
        ],
        [
            6630,
            352
        ],
        [
            6640,
            352
        ],
        [
            6650,
            352
        ],
        [
            6660,
            352
        ],
        [
            6670,
            352
        ],
        [
            6680,
            352
        ],
        [
            6690,
            352
        ],
        [
            6700,
            352
        ],
        [
            6710,
            352
        ],
        [
            6720,
            352
        ],
        [
            6730,
            352
        ],
        [
            6740,
            352
        ],
        [
            6750,
            352
        ],
        [
            6760,
            352
        ],
        [
            6770,
            352
        ],
        [
            6780,
            352
        ],
        [
            6790,
            352
        ],
        [
            6800,
            352
        ],
        [
            6810,
            352
        ],
        [
            6820,
            352
        ],
        [
            6830,
            352
        ],
        [
            6840,
            352
        ],
        [
            6850,
            352
        ],
        [
            6860,
            352
        ],
        [
            6870,
            352
        ],
        [
            6880,
            352
        ],
        [
            6890,
            352
        ],
        [
            6900,
            352
        ],
        [
            6910,
            352
        ],
        [
            6920,
            352
        ],
        [
            6930,
            352
        ],
        [
            6940,
            352
        ],
        [
            6950,
            352
        ],
        [
            6960,
            352
        ],
        [
            6970,
            352
        ],
        [
            6980,
            352
        ],
        [
            6990,
            352
        ],
        [
            7000,
            352
        ],
        [
            7010,
            352
        ],
        [
            7020,
            352
        ],
        [
            7030,
            352
        ],
        [
            7040,
            352
        ],
        [
            7050,
            352
        ],
        [
            7060,
            352
        ],
        [
            7070,
            352
        ],
        [
            7080,
            352
        ],
        [
            7090,
            352
        ],
        [
            7100,
            352
        ],
        [
            7110,
            352
        ],
        [
            7120,
            352
        ],
        [
            7130,
            352
        ],
        [
            7140,
            352
        ],
        [
            7150,
            352
        ],
        [
            7160,
            352
        ],
        [
            7170,
            352
        ],
        [
            7180,
            352
        ],
        [
            7190,
            352
        ],
        [
            7200,
            352
        ],
        [
            7210,
            352
        ],
        [
            7220,
            352
        ],
        [
            7230,
            352
        ],
        [
            7240,
            352
        ],
        [
            7250,
            352
        ],
        [
            7260,
            352
        ],
        [
            7270,
            352
        ],
        [
            7280,
            352
        ],
        [
            7290,
            352
        ],
        [
            7300,
            352
        ],
        [
            7310,
            352
        ],
        [
            7320,
            352
        ],
        [
            7330,
            352
        ],
        [
            7340,
            352
        ],
        [
            7350,
            352
        ],
        [
            7360,
            352
        ],
        [
            7370,
            352
        ],
        [
            7380,
            351
        ],
        [
            7390,
            351
        ],
        [
            7400,
            351
        ],
        [
            7410,
            351
        ],
        [
            7420,
            351
        ],
        [
            7430,
            351
        ],
        [
            7440,
            347
        ],
        [
            7450,
            347
        ],
        [
            7460,
            347
        ],
        [
            7470,
            347
        ],
        [
            7480,
            347
        ],
        [
            7490,
            347
        ],
        [
            7500,
            347
        ],
        [
            7510,
            347
        ],
        [
            7520,
            347
        ],
        [
            7530,
            347
        ],
        [
            7540,
            347
        ],
        [
            7550,
            347
        ],
        [
            7560,
            347
        ],
        [
            7570,
            347
        ],
        [
            7580,
            347
        ],
        [
            7590,
            347
        ],
        [
            7600,
            347
        ],
        [
            7610,
            347
        ],
        [
            7620,
            347
        ],
        [
            7630,
            347
        ],
        [
            7640,
            345
        ],
        [
            7650,
            345
        ],
        [
            7660,
            345
        ],
        [
            7670,
            345
        ],
        [
            7680,
            345
        ],
        [
            7690,
            345
        ],
        [
            7700,
            345
        ],
        [
            7710,
            345
        ],
        [
            7720,
            337
        ],
        [
            7730,
            337
        ],
        [
            7740,
            337
        ],
        [
            7750,
            337
        ],
        [
            7760,
            337
        ],
        [
            7770,
            337
        ],
        [
            7780,
            337
        ],
        [
            7790,
            337
        ],
        [
            7800,
            337
        ],
        [
            7810,
            337
        ],
        [
            7820,
            337
        ],
        [
            7830,
            337
        ],
        [
            7840,
            337
        ],
        [
            7850,
            337
        ],
        [
            7860,
            337
        ],
        [
            7870,
            337
        ],
        [
            7880,
            337
        ],
        [
            7890,
            337
        ],
        [
            7900,
            337
        ],
        [
            7910,
            336
        ],
        [
            7920,
            336
        ],
        [
            7930,
            336
        ],
        [
            7940,
            336
        ],
        [
            7950,
            336
        ],
        [
            7960,
            336
        ],
        [
            7970,
            336
        ],
        [
            7980,
            336
        ],
        [
            7990,
            330
        ],
        [
            8000,
            330
        ],
        [
            8010,
            330
        ],
        [
            8020,
            330
        ],
        [
            8030,
            330
        ],
        [
            8040,
            330
        ],
        [
            8050,
            330
        ],
        [
            8060,
            330
        ],
        [
            8070,
            330
        ],
        [
            8080,
            330
        ],
        [
            8090,
            330
        ],
        [
            8100,
            326
        ],
        [
            8110,
            326
        ],
        [
            8120,
            326
        ],
        [
            8130,
            326
        ],
        [
            8140,
            326
        ],
        [
            8150,
            326
        ],
        [
            8160,
            326
        ],
        [
            8170,
            326
        ],
        [
            8180,
            326
        ],
        [
            8190,
            326
        ],
        [
            8200,
            326
        ],
        [
            8210,
            326
        ],
        [
            8220,
            326
        ],
        [
            8230,
            326
        ],
        [
            8240,
            326
        ],
        [
            8250,
            326
        ],
        [
            8260,
            326
        ],
        [
            8270,
            326
        ],
        [
            8280,
            326
        ],
        [
            8290,
            324
        ],
        [
            8300,
            324
        ],
        [
            8310,
            324
        ],
        [
            8320,
            324
        ],
        [
            8330,
            324
        ],
        [
            8340,
            324
        ],
        [
            8350,
            324
        ],
        [
            8360,
            324
        ],
        [
            8370,
            324
        ],
        [
            8380,
            324
        ],
        [
            8390,
            324
        ],
        [
            8400,
            324
        ],
        [
            8410,
            324
        ],
        [
            8420,
            324
        ],
        [
            8430,
            324
        ],
        [
            8440,
            324
        ],
        [
            8450,
            324
        ],
        [
            8460,
            324
        ],
        [
            8470,
            324
        ],
        [
            8480,
            324
        ],
        [
            8490,
            324
        ],
        [
            8500,
            324
        ],
        [
            8510,
            324
        ],
        [
            8520,
            324
        ],
        [
            8530,
            324
        ],
        [
            8540,
            322
        ],
        [
            8550,
            322
        ],
        [
            8560,
            322
        ],
        [
            8570,
            322
        ],
        [
            8580,
            320
        ],
        [
            8590,
            320
        ],
        [
            8600,
            320
        ],
        [
            8610,
            320
        ],
        [
            8620,
            320
        ],
        [
            8630,
            320
        ],
        [
            8640,
            320
        ],
        [
            8650,
            320
        ],
        [
            8660,
            320
        ],
        [
            8670,
            320
        ],
        [
            8680,
            320
        ],
        [
            8690,
            320
        ],
        [
            8700,
            320
        ],
        [
            8710,
            320
        ],
        [
            8720,
            320
        ],
        [
            8730,
            320
        ],
        [
            8740,
            320
        ],
        [
            8750,
            320
        ],
        [
            8760,
            320
        ],
        [
            8770,
            320
        ],
        [
            8780,
            320
        ],
        [
            8790,
            320
        ],
        [
            8800,
            320
        ],
        [
            8810,
            320
        ],
        [
            8820,
            320
        ],
        [
            8830,
            320
        ],
        [
            8840,
            320
        ],
        [
            8850,
            320
        ],
        [
            8860,
            320
        ],
        [
            8870,
            320
        ],
        [
            8880,
            320
        ],
        [
            8890,
            320
        ],
        [
            8900,
            320
        ],
        [
            8910,
            320
        ],
        [
            8920,
            320
        ],
        [
            8930,
            320
        ],
        [
            8940,
            320
        ],
        [
            8950,
            320
        ],
        [
            8960,
            320
        ],
        [
            8970,
            320
        ],
        [
            8980,
            320
        ],
        [
            8990,
            320
        ],
        [
            9000,
            320
        ],
        [
            9010,
            320
        ],
        [
            9020,
            320
        ],
        [
            9030,
            320
        ],
        [
            9040,
            320
        ],
        [
            9050,
            320
        ],
        [
            9060,
            320
        ],
        [
            9070,
            320
        ],
        [
            9080,
            320
        ],
        [
            9090,
            320
        ],
        [
            9100,
            320
        ],
        [
            9110,
            320
        ],
        [
            9120,
            320
        ],
        [
            9130,
            320
        ],
        [
            9140,
            320
        ],
        [
            9150,
            320
        ],
        [
            9160,
            320
        ],
        [
            9170,
            320
        ],
        [
            9180,
            320
        ],
        [
            9190,
            320
        ],
        [
            9200,
            320
        ],
        [
            9210,
            320
        ],
        [
            9220,
            320
        ],
        [
            9230,
            320
        ],
        [
            9240,
            320
        ],
        [
            9250,
            320
        ],
        [
            9260,
            320
        ],
        [
            9270,
            320
        ],
        [
            9280,
            320
        ],
        [
            9290,
            320
        ],
        [
            9300,
            320
        ],
        [
            9310,
            320
        ],
        [
            9320,
            320
        ],
        [
            9330,
            320
        ],
        [
            9340,
            320
        ],
        [
            9350,
            320
        ],
        [
            9360,
            320
        ],
        [
            9370,
            320
        ],
        [
            9380,
            320
        ],
        [
            9390,
            320
        ],
        [
            9400,
            320
        ],
        [
            9410,
            320
        ],
        [
            9420,
            320
        ],
        [
            9430,
            320
        ],
        [
            9440,
            320
        ],
        [
            9450,
            320
        ],
        [
            9460,
            320
        ],
        [
            9470,
            320
        ],
        [
            9480,
            320
        ],
        [
            9490,
            320
        ],
        [
            9500,
            320
        ],
        [
            9510,
            320
        ],
        [
            9520,
            320
        ],
        [
            9530,
            320
        ],
        [
            9540,
            320
        ],
        [
            9550,
            320
        ],
        [
            9560,
            320
        ],
        [
            9570,
            320
        ],
        [
            9580,
            320
        ],
        [
            9590,
            320
        ],
        [
            9600,
            320
        ],
        [
            9610,
            320
        ],
        [
            9620,
            320
        ],
        [
            9630,
            320
        ],
        [
            9640,
            320
        ],
        [
            9650,
            320
        ],
        [
            9660,
            320
        ],
        [
            9670,
            320
        ],
        [
            9680,
            320
        ],
        [
            9690,
            320
        ],
        [
            9700,
            320
        ],
        [
            9710,
            320
        ],
        [
            9720,
            320
        ],
        [
            9730,
            320
        ],
        [
            9740,
            320
        ],
        [
            9750,
            320
        ],
        [
            9760,
            320
        ],
        [
            9770,
            320
        ],
        [
            9780,
            320
        ],
        [
            9790,
            320
        ],
        [
            9800,
            320
        ],
        [
            9810,
            320
        ],
        [
            9820,
            320
        ],
        [
            9830,
            320
        ],
        [
            9840,
            320
        ],
        [
            9850,
            320
        ],
        [
            9860,
            320
        ],
        [
            9870,
            320
        ],
        [
            9880,
            320
        ],
        [
            9890,
            320
        ],
        [
            9900,
            320
        ],
        [
            9910,
            320
        ],
        [
            9920,
            320
        ],
        [
            9930,
            320
        ],
        [
            9940,
            320
        ],
        [
            9950,
            320
        ],
        [
            9960,
            320
        ],
        [
            9970,
            320
        ],
        [
            9980,
            320
        ],
        [
            9990,
            320
        ]
    ]
}
