{
    "best_solution": {
        "active_vlbs": [
            21474836507,
            25769803806,
            128849018923
        ],
        "cost": 196,
        "flow": {
            "incoming": [
                [
                    49,
                    [
                        27,
                        30,
                        43
                    ]
                ],
                [
                    30,
                    [
                        6,
                        15
                    ]
                ],
                [
                    6,
                    [
                        0
                    ]
                ],
                [
                    43,
                    [
                        30
                    ]
                ],
                [
                    27,
                    [
                        5
                    ]
                ],
                [
                    5,
                    [
                        0
                    ]
                ],
                [
                    15,
                    [
                        0
                    ]
                ]
            ],
            "n_nodes": 50,
            "outgoing": [
                [
                    43,
                    [
                        49
                    ]
                ],
                [
                    27,
                    [
                        49
                    ]
                ],
                [
                    6,
                    [
                        30
                    ]
                ],
                [
                    30,
                    [
                        43,
                        49
                    ]
                ],
                [
                    0,
                    [
                        5,
                        6,
                        15
                    ]
                ],
                [
                    5,
                    [
                        27
                    ]
                ],
                [
                    15,
                    [
                        30
                    ]
                ]
            ],
            "sink": 49,
            "source": 0,
            "values": [
                [
                    115964117041,
                    14
                ],
                [
                    184683593777,
                    16
                ],
                [
                    25769803806,
                    6
                ],
                [
                    5,
                    14
                ],
                [
                    128849018923,
                    16
                ],
                [
                    21474836507,
                    14
                ],
                [
                    6,
                    6
                ],
                [
                    64424509470,
                    10
                ],
                [
                    128849018929,
                    0
                ],
                [
                    15,
                    10
                ]
            ]
        }
    },
    "cplex_cost": 186,
    "generator_parameters": {
        "alpha_1": 4,
        "alpha_2": 5,
        "alpha_3": 10,
        "alpha_4": 10,
        "cost_max": 20,
        "flow_value": 30,
        "inclusion_p": 0.30000001192092896,
        "max_span_q": 25,
        "n_nodes": 50,
        "vlb_p": 0.20000000298023224
    },
    "solver_parameters": {
        "best_of": 3,
        "flow_value": 30,
        "generation_size": 100,
        "improvements_stop": 1000,
        "num_perturbations": 2,
        "num_steps": 10000
    },
    "steps": [
        [
            0,
            1398
        ],
        [
            10,
            1269
        ],
        [
            20,
            1269
        ],
        [
            30,
            1269
        ],
        [
            40,
            1269
        ],
        [
            50,
            1269
        ],
        [
            60,
            1269
        ],
        [
            70,
            1206
        ],
        [
            80,
            1206
        ],
        [
            90,
            1206
        ],
        [
            100,
            1138
        ],
        [
            110,
            1138
        ],
        [
            120,
            1138
        ],
        [
            130,
            1138
        ],
        [
            140,
            1138
        ],
        [
            150,
            1138
        ],
        [
            160,
            1138
        ],
        [
            170,
            1100
        ],
        [
            180,
            1036
        ],
        [
            190,
            1036
        ],
        [
            200,
            1036
        ],
        [
            210,
            1023
        ],
        [
            220,
            1023
        ],
        [
            230,
            1023
        ],
        [
            240,
            1022
        ],
        [
            250,
            1022
        ],
        [
            260,
            1022
        ],
        [
            270,
            1022
        ],
        [
            280,
            1014
        ],
        [
            290,
            996
        ],
        [
            300,
            948
        ],
        [
            310,
            948
        ],
        [
            320,
            948
        ],
        [
            330,
            948
        ],
        [
            340,
            893
        ],
        [
            350,
            850
        ],
        [
            360,
            850
        ],
        [
            370,
            850
        ],
        [
            380,
            850
        ],
        [
            390,
            817
        ],
        [
            400,
            817
        ],
        [
            410,
            817
        ],
        [
            420,
            817
        ],
        [
            430,
            817
        ],
        [
            440,
            802
        ],
        [
            450,
            802
        ],
        [
            460,
            776
        ],
        [
            470,
            776
        ],
        [
            480,
            753
        ],
        [
            490,
            753
        ],
        [
            500,
            753
        ],
        [
            510,
            753
        ],
        [
            520,
            740
        ],
        [
            530,
            739
        ],
        [
            540,
            721
        ],
        [
            550,
            721
        ],
        [
            560,
            711
        ],
        [
            570,
            673
        ],
        [
            580,
            663
        ],
        [
            590,
            663
        ],
        [
            600,
            605
        ],
        [
            610,
            605
        ],
        [
            620,
            605
        ],
        [
            630,
            605
        ],
        [
            640,
            605
        ],
        [
            650,
            601
        ],
        [
            660,
            601
        ],
        [
            670,
            536
        ],
        [
            680,
            536
        ],
        [
            690,
            536
        ],
        [
            700,
            536
        ],
        [
            710,
            536
        ],
        [
            720,
            536
        ],
        [
            730,
            536
        ],
        [
            740,
            536
        ],
        [
            750,
            522
        ],
        [
            760,
            522
        ],
        [
            770,
            522
        ],
        [
            780,
            498
        ],
        [
            790,
            498
        ],
        [
            800,
            455
        ],
        [
            810,
            455
        ],
        [
            820,
            455
        ],
        [
            830,
            455
        ],
        [
            840,
            446
        ],
        [
            850,
            446
        ],
        [
            860,
            433
        ],
        [
            870,
            433
        ],
        [
            880,
            433
        ],
        [
            890,
            433
        ],
        [
            900,
            428
        ],
        [
            910,
            426
        ],
        [
            920,
            426
        ],
        [
            930,
            416
        ],
        [
            940,
            376
        ],
        [
            950,
            376
        ],
        [
            960,
            376
        ],
        [
            970,
            376
        ],
        [
            980,
            376
        ],
        [
            990,
            376
        ],
        [
            1000,
            376
        ],
        [
            1010,
            376
        ],
        [
            1020,
            376
        ],
        [
            1030,
            376
        ],
        [
            1040,
            372
        ],
        [
            1050,
            371
        ],
        [
            1060,
            371
        ],
        [
            1070,
            371
        ],
        [
            1080,
            371
        ],
        [
            1090,
            371
        ],
        [
            1100,
            371
        ],
        [
            1110,
            371
        ],
        [
            1120,
            370
        ],
        [
            1130,
            370
        ],
        [
            1140,
            365
        ],
        [
            1150,
            365
        ],
        [
            1160,
            365
        ],
        [
            1170,
            365
        ],
        [
            1180,
            365
        ],
        [
            1190,
            365
        ],
        [
            1200,
            365
        ],
        [
            1210,
            365
        ],
        [
            1220,
            365
        ],
        [
            1230,
            365
        ],
        [
            1240,
            365
        ],
        [
            1250,
            365
        ],
        [
            1260,
            365
        ],
        [
            1270,
            365
        ],
        [
            1280,
            365
        ],
        [
            1290,
            365
        ],
        [
            1300,
            365
        ],
        [
            1310,
            363
        ],
        [
            1320,
            363
        ],
        [
            1330,
            363
        ],
        [
            1340,
            363
        ],
        [
            1350,
            363
        ],
        [
            1360,
            363
        ],
        [
            1370,
            363
        ],
        [
            1380,
            363
        ],
        [
            1390,
            363
        ],
        [
            1400,
            363
        ],
        [
            1410,
            363
        ],
        [
            1420,
            363
        ],
        [
            1430,
            361
        ],
        [
            1440,
            361
        ],
        [
            1450,
            361
        ],
        [
            1460,
            361
        ],
        [
            1470,
            361
        ],
        [
            1480,
            361
        ],
        [
            1490,
            361
        ],
        [
            1500,
            361
        ],
        [
            1510,
            361
        ],
        [
            1520,
            361
        ],
        [
            1530,
            361
        ],
        [
            1540,
            361
        ],
        [
            1550,
            361
        ],
        [
            1560,
            361
        ],
        [
            1570,
            361
        ],
        [
            1580,
            361
        ],
        [
            1590,
            361
        ],
        [
            1600,
            361
        ],
        [
            1610,
            361
        ],
        [
            1620,
            361
        ],
        [
            1630,
            361
        ],
        [
            1640,
            361
        ],
        [
            1650,
            361
        ],
        [
            1660,
            361
        ],
        [
            1670,
            361
        ],
        [
            1680,
            361
        ],
        [
            1690,
            361
        ],
        [
            1700,
            361
        ],
        [
            1710,
            361
        ],
        [
            1720,
            361
        ],
        [
            1730,
            361
        ],
        [
            1740,
            361
        ],
        [
            1750,
            361
        ],
        [
            1760,
            361
        ],
        [
            1770,
            361
        ],
        [
            1780,
            361
        ],
        [
            1790,
            361
        ],
        [
            1800,
            361
        ],
        [
            1810,
            361
        ],
        [
            1820,
            361
        ],
        [
            1830,
            361
        ],
        [
            1840,
            361
        ],
        [
            1850,
            361
        ],
        [
            1860,
            361
        ],
        [
            1870,
            361
        ],
        [
            1880,
            361
        ],
        [
            1890,
            361
        ],
        [
            1900,
            361
        ],
        [
            1910,
            361
        ],
        [
            1920,
            361
        ],
        [
            1930,
            361
        ],
        [
            1940,
            361
        ],
        [
            1950,
            361
        ],
        [
            1960,
            361
        ],
        [
            1970,
            361
        ],
        [
            1980,
            361
        ],
        [
            1990,
            361
        ],
        [
            2000,
            361
        ],
        [
            2010,
            361
        ],
        [
            2020,
            361
        ],
        [
            2030,
            361
        ],
        [
            2040,
            361
        ],
        [
            2050,
            361
        ],
        [
            2060,
            361
        ],
        [
            2070,
            361
        ],
        [
            2080,
            361
        ],
        [
            2090,
            361
        ],
        [
            2100,
            361
        ],
        [
            2110,
            361
        ],
        [
            2120,
            361
        ],
        [
            2130,
            361
        ],
        [
            2140,
            361
        ],
        [
            2150,
            361
        ],
        [
            2160,
            361
        ],
        [
            2170,
            361
        ],
        [
            2180,
            361
        ],
        [
            2190,
            361
        ],
        [
            2200,
            361
        ],
        [
            2210,
            361
        ],
        [
            2220,
            361
        ],
        [
            2230,
            361
        ],
        [
            2240,
            361
        ],
        [
            2250,
            361
        ],
        [
            2260,
            361
        ],
        [
            2270,
            361
        ],
        [
            2280,
            361
        ],
        [
            2290,
            361
        ],
        [
            2300,
            361
        ],
        [
            2310,
            361
        ],
        [
            2320,
            361
        ],
        [
            2330,
            361
        ],
        [
            2340,
            361
        ],
        [
            2350,
            361
        ],
        [
            2360,
            361
        ],
        [
            2370,
            361
        ],
        [
            2380,
            361
        ],
        [
            2390,
            361
        ],
        [
            2400,
            361
        ],
        [
            2410,
            361
        ],
        [
            2420,
            361
        ],
        [
            2430,
            361
        ],
        [
            2440,
            361
        ],
        [
            2450,
            361
        ],
        [
            2460,
            361
        ],
        [
            2470,
            361
        ],
        [
            2480,
            361
        ],
        [
            2490,
            361
        ],
        [
            2500,
            361
        ],
        [
            2510,
            361
        ],
        [
            2520,
            361
        ],
        [
            2530,
            361
        ],
        [
            2540,
            361
        ],
        [
            2550,
            361
        ],
        [
            2560,
            361
        ],
        [
            2570,
            361
        ],
        [
            2580,
            361
        ],
        [
            2590,
            361
        ],
        [
            2600,
            361
        ],
        [
            2610,
            361
        ],
        [
            2620,
            361
        ],
        [
            2630,
            361
        ],
        [
            2640,
            361
        ],
        [
            2650,
            361
        ],
        [
            2660,
            361
        ],
        [
            2670,
            361
        ],
        [
            2680,
            361
        ],
        [
            2690,
            361
        ],
        [
            2700,
            361
        ],
        [
            2710,
            361
        ],
        [
            2720,
            361
        ],
        [
            2730,
            361
        ],
        [
            2740,
            361
        ],
        [
            2750,
            361
        ],
        [
            2760,
            361
        ],
        [
            2770,
            361
        ],
        [
            2780,
            361
        ],
        [
            2790,
            361
        ],
        [
            2800,
            361
        ],
        [
            2810,
            361
        ],
        [
            2820,
            361
        ],
        [
            2830,
            361
        ],
        [
            2840,
            361
        ],
        [
            2850,
            361
        ],
        [
            2860,
            361
        ],
        [
            2870,
            361
        ],
        [
            2880,
            361
        ],
        [
            2890,
            361
        ],
        [
            2900,
            361
        ],
        [
            2910,
            360
        ],
        [
            2920,
            360
        ],
        [
            2930,
            360
        ],
        [
            2940,
            360
        ],
        [
            2950,
            360
        ],
        [
            2960,
            360
        ],
        [
            2970,
            360
        ],
        [
            2980,
            360
        ],
        [
            2990,
            360
        ],
        [
            3000,
            360
        ],
        [
            3010,
            360
        ],
        [
            3020,
            360
        ],
        [
            3030,
            360
        ],
        [
            3040,
            360
        ],
        [
            3050,
            360
        ],
        [
            3060,
            360
        ],
        [
            3070,
            360
        ],
        [
            3080,
            360
        ],
        [
            3090,
            359
        ],
        [
            3100,
            359
        ],
        [
            3110,
            359
        ],
        [
            3120,
            359
        ],
        [
            3130,
            359
        ],
        [
            3140,
            359
        ],
        [
            3150,
            359
        ],
        [
            3160,
            359
        ],
        [
            3170,
            359
        ],
        [
            3180,
            359
        ],
        [
            3190,
            359
        ],
        [
            3200,
            359
        ],
        [
            3210,
            359
        ],
        [
            3220,
            359
        ],
        [
            3230,
            359
        ],
        [
            3240,
            359
        ],
        [
            3250,
            359
        ],
        [
            3260,
            359
        ],
        [
            3270,
            359
        ],
        [
            3280,
            358
        ],
        [
            3290,
            358
        ],
        [
            3300,
            358
        ],
        [
            3310,
            358
        ],
        [
            3320,
            357
        ],
        [
            3330,
            357
        ],
        [
            3340,
            357
        ],
        [
            3350,
            357
        ],
        [
            3360,
            357
        ],
        [
            3370,
            357
        ],
        [
            3380,
            357
        ],
        [
            3390,
            357
        ],
        [
            3400,
            357
        ],
        [
            3410,
            357
        ],
        [
            3420,
            357
        ],
        [
            3430,
            357
        ],
        [
            3440,
            357
        ],
        [
            3450,
            357
        ],
        [
            3460,
            357
        ],
        [
            3470,
            356
        ],
        [
            3480,
            356
        ],
        [
            3490,
            356
        ],
        [
            3500,
            356
        ],
        [
            3510,
            356
        ],
        [
            3520,
            356
        ],
        [
            3530,
            356
        ],
        [
            3540,
            356
        ],
        [
            3550,
            356
        ],
        [
            3560,
            356
        ],
        [
            3570,
            356
        ],
        [
            3580,
            356
        ],
        [
            3590,
            356
        ],
        [
            3600,
            356
        ],
        [
            3610,
            356
        ],
        [
            3620,
            356
        ],
        [
            3630,
            356
        ],
        [
            3640,
            356
        ],
        [
            3650,
            356
        ],
        [
            3660,
            356
        ],
        [
            3670,
            356
        ],
        [
            3680,
            356
        ],
        [
            3690,
            356
        ],
        [
            3700,
            356
        ],
        [
            3710,
            356
        ],
        [
            3720,
            356
        ],
        [
            3730,
            356
        ],
        [
            3740,
            313
        ],
        [
            3750,
            313
        ],
        [
            3760,
            313
        ],
        [
            3770,
            313
        ],
        [
            3780,
            313
        ],
        [
            3790,
            313
        ],
        [
            3800,
            313
        ],
        [
            3810,
            313
        ],
        [
            3820,
            313
        ],
        [
            3830,
            313
        ],
        [
            3840,
            313
        ],
        [
            3850,
            304
        ],
        [
            3860,
            304
        ],
        [
            3870,
            304
        ],
        [
            3880,
            304
        ],
        [
            3890,
            304
        ],
        [
            3900,
            304
        ],
        [
            3910,
            304
        ],
        [
            3920,
            304
        ],
        [
            3930,
            304
        ],
        [
            3940,
            304
        ],
        [
            3950,
            304
        ],
        [
            3960,
            289
        ],
        [
            3970,
            289
        ],
        [
            3980,
            289
        ],
        [
            3990,
            289
        ],
        [
            4000,
            289
        ],
        [
            4010,
            282
        ],
        [
            4020,
            282
        ],
        [
            4030,
            282
        ],
        [
            4040,
            282
        ],
        [
            4050,
            282
        ],
        [
            4060,
            282
        ],
        [
            4070,
            282
        ],
        [
            4080,
            279
        ],
        [
            4090,
            279
        ],
        [
            4100,
            278
        ],
        [
            4110,
            275
        ],
        [
            4120,
            275
        ],
        [
            4130,
            244
        ],
        [
            4140,
            244
        ],
        [
            4150,
            244
        ],
        [
            4160,
            244
        ],
        [
            4170,
            244
        ],
        [
            4180,
            244
        ],
        [
            4190,
            244
        ],
        [
            4200,
            244
        ],
        [
            4210,
            244
        ],
        [
            4220,
            244
        ],
        [
            4230,
            244
        ],
        [
            4240,
            240
        ],
        [
            4250,
            234
        ],
        [
            4260,
            224
        ],
        [
            4270,
            224
        ],
        [
            4280,
            224
        ],
        [
            4290,
            224
        ],
        [
            4300,
            224
        ],
        [
            4310,
            224
        ],
        [
            4320,
            224
        ],
        [
            4330,
            224
        ],
        [
            4340,
            224
        ],
        [
            4350,
            224
        ],
        [
            4360,
            222
        ],
        [
            4370,
            222
        ],
        [
            4380,
            222
        ],
        [
            4390,
            222
        ],
        [
            4400,
            222
        ],
        [
            4410,
            212
        ],
        [
            4420,
            212
        ],
        [
            4430,
            211
        ],
        [
            4440,
            211
        ],
        [
            4450,
            211
        ],
        [
            4460,
            211
        ],
        [
            4470,
            211
        ],
        [
            4480,
            208
        ],
        [
            4490,
            208
        ],
        [
            4500,
            208
        ],
        [
            4510,
            208
        ],
        [
            4520,
            208
        ],
        [
            4530,
            208
        ],
        [
            4540,
            208
        ],
        [
            4550,
            208
        ],
        [
            4560,
            208
        ],
        [
            4570,
            199
        ],
        [
            4580,
            199
        ],
        [
            4590,
            198
        ],
        [
            4600,
            197
        ],
        [
            4610,
            197
        ],
        [
            4620,
            197
        ],
        [
            4630,
            197
        ],
        [
            4640,
            197
        ],
        [
            4650,
            197
        ],
        [
            4660,
            197
        ],
        [
            4670,
            197
        ],
        [
            4680,
            197
        ],
        [
            4690,
            196
        ],
        [
            4700,
            196
        ],
        [
            4710,
            196
        ],
        [
            4720,
            196
        ],
        [
            4730,
            196
        ],
        [
            4740,
            196
        ],
        [
            4750,
            196
        ],
        [
            4760,
            196
        ],
        [
            4770,
            196
        ],
        [
            4780,
            196
        ],
        [
            4790,
            196
        ],
        [
            4800,
            196
        ],
        [
            4810,
            196
        ],
        [
            4820,
            196
        ],
        [
            4830,
            196
        ],
        [
            4840,
            196
        ],
        [
            4850,
            196
        ],
        [
            4860,
            196
        ],
        [
            4870,
            196
        ],
        [
            4880,
            196
        ],
        [
            4890,
            196
        ],
        [
            4900,
            196
        ],
        [
            4910,
            196
        ],
        [
            4920,
            196
        ],
        [
            4930,
            196
        ],
        [
            4940,
            196
        ],
        [
            4950,
            196
        ],
        [
            4960,
            196
        ],
        [
            4970,
            196
        ],
        [
            4980,
            196
        ],
        [
            4990,
            196
        ],
        [
            5000,
            196
        ],
        [
            5010,
            196
        ],
        [
            5020,
            196
        ],
        [
            5030,
            196
        ],
        [
            5040,
            196
        ],
        [
            5050,
            196
        ],
        [
            5060,
            196
        ],
        [
            5070,
            196
        ],
        [
            5080,
            196
        ],
        [
            5090,
            196
        ],
        [
            5100,
            196
        ],
        [
            5110,
            196
        ],
        [
            5120,
            196
        ],
        [
            5130,
            196
        ],
        [
            5140,
            196
        ],
        [
            5150,
            196
        ],
        [
            5160,
            196
        ],
        [
            5170,
            196
        ],
        [
            5180,
            196
        ],
        [
            5190,
            196
        ],
        [
            5200,
            196
        ],
        [
            5210,
            196
        ],
        [
            5220,
            196
        ],
        [
            5230,
            196
        ],
        [
            5240,
            196
        ],
        [
            5250,
            196
        ],
        [
            5260,
            196
        ],
        [
            5270,
            196
        ],
        [
            5280,
            196
        ],
        [
            5290,
            196
        ],
        [
            5300,
            196
        ],
        [
            5310,
            196
        ],
        [
            5320,
            196
        ],
        [
            5330,
            196
        ],
        [
            5340,
            196
        ],
        [
            5350,
            196
        ],
        [
            5360,
            196
        ],
        [
            5370,
            196
        ],
        [
            5380,
            196
        ],
        [
            5390,
            196
        ],
        [
            5400,
            196
        ],
        [
            5410,
            196
        ],
        [
            5420,
            196
        ],
        [
            5430,
            196
        ],
        [
            5440,
            196
        ],
        [
            5450,
            196
        ],
        [
            5460,
            196
        ],
        [
            5470,
            196
        ],
        [
            5480,
            196
        ],
        [
            5490,
            196
        ],
        [
            5500,
            196
        ],
        [
            5510,
            196
        ],
        [
            5520,
            196
        ],
        [
            5530,
            196
        ],
        [
            5540,
            196
        ],
        [
            5550,
            196
        ],
        [
            5560,
            196
        ],
        [
            5570,
            196
        ],
        [
            5580,
            196
        ],
        [
            5590,
            196
        ],
        [
            5600,
            196
        ],
        [
            5610,
            196
        ],
        [
            5620,
            196
        ],
        [
            5630,
            196
        ],
        [
            5640,
            196
        ],
        [
            5650,
            196
        ],
        [
            5660,
            196
        ],
        [
            5670,
            196
        ],
        [
            5680,
            196
        ],
        [
            5690,
            196
        ],
        [
            5700,
            196
        ],
        [
            5710,
            196
        ],
        [
            5720,
            196
        ],
        [
            5730,
            196
        ],
        [
            5740,
            196
        ],
        [
            5750,
            196
        ],
        [
            5760,
            196
        ],
        [
            5770,
            196
        ],
        [
            5780,
            196
        ],
        [
            5790,
            196
        ],
        [
            5800,
            196
        ],
        [
            5810,
            196
        ],
        [
            5820,
            196
        ],
        [
            5830,
            196
        ],
        [
            5840,
            196
        ],
        [
            5850,
            196
        ],
        [
            5860,
            196
        ],
        [
            5870,
            196
        ],
        [
            5880,
            196
        ],
        [
            5890,
            196
        ],
        [
            5900,
            196
        ],
        [
            5910,
            196
        ],
        [
            5920,
            196
        ],
        [
            5930,
            196
        ],
        [
            5940,
            196
        ],
        [
            5950,
            196
        ],
        [
            5960,
            196
        ],
        [
            5970,
            196
        ],
        [
            5980,
            196
        ],
        [
            5990,
            196
        ],
        [
            6000,
            196
        ],
        [
            6010,
            196
        ],
        [
            6020,
            196
        ],
        [
            6030,
            196
        ],
        [
            6040,
            196
        ],
        [
            6050,
            196
        ],
        [
            6060,
            196
        ],
        [
            6070,
            196
        ],
        [
            6080,
            196
        ],
        [
            6090,
            196
        ],
        [
            6100,
            196
        ],
        [
            6110,
            196
        ],
        [
            6120,
            196
        ],
        [
            6130,
            196
        ],
        [
            6140,
            196
        ],
        [
            6150,
            196
        ],
        [
            6160,
            196
        ],
        [
            6170,
            196
        ],
        [
            6180,
            196
        ],
        [
            6190,
            196
        ],
        [
            6200,
            196
        ],
        [
            6210,
            196
        ],
        [
            6220,
            196
        ],
        [
            6230,
            196
        ],
        [
            6240,
            196
        ],
        [
            6250,
            196
        ],
        [
            6260,
            196
        ],
        [
            6270,
            196
        ],
        [
            6280,
            196
        ],
        [
            6290,
            196
        ],
        [
            6300,
            196
        ],
        [
            6310,
            196
        ],
        [
            6320,
            196
        ],
        [
            6330,
            196
        ],
        [
            6340,
            196
        ],
        [
            6350,
            196
        ],
        [
            6360,
            196
        ],
        [
            6370,
            196
        ],
        [
            6380,
            196
        ],
        [
            6390,
            196
        ],
        [
            6400,
            196
        ],
        [
            6410,
            196
        ],
        [
            6420,
            196
        ],
        [
            6430,
            196
        ],
        [
            6440,
            196
        ],
        [
            6450,
            196
        ],
        [
            6460,
            196
        ],
        [
            6470,
            196
        ],
        [
            6480,
            196
        ],
        [
            6490,
            196
        ],
        [
            6500,
            196
        ],
        [
            6510,
            196
        ],
        [
            6520,
            196
        ],
        [
            6530,
            196
        ],
        [
            6540,
            196
        ],
        [
            6550,
            196
        ],
        [
            6560,
            196
        ],
        [
            6570,
            196
        ],
        [
            6580,
            196
        ],
        [
            6590,
            196
        ],
        [
            6600,
            196
        ],
        [
            6610,
            196
        ],
        [
            6620,
            196
        ],
        [
            6630,
            196
        ],
        [
            6640,
            196
        ],
        [
            6650,
            196
        ],
        [
            6660,
            196
        ],
        [
            6670,
            196
        ],
        [
            6680,
            196
        ],
        [
            6690,
            196
        ],
        [
            6700,
            196
        ],
        [
            6710,
            196
        ],
        [
            6720,
            196
        ],
        [
            6730,
            196
        ],
        [
            6740,
            196
        ],
        [
            6750,
            196
        ],
        [
            6760,
            196
        ],
        [
            6770,
            196
        ],
        [
            6780,
            196
        ],
        [
            6790,
            196
        ],
        [
            6800,
            196
        ],
        [
            6810,
            196
        ],
        [
            6820,
            196
        ],
        [
            6830,
            196
        ],
        [
            6840,
            196
        ],
        [
            6850,
            196
        ],
        [
            6860,
            196
        ],
        [
            6870,
            196
        ],
        [
            6880,
            196
        ],
        [
            6890,
            196
        ],
        [
            6900,
            196
        ],
        [
            6910,
            196
        ],
        [
            6920,
            196
        ],
        [
            6930,
            196
        ],
        [
            6940,
            196
        ],
        [
            6950,
            196
        ],
        [
            6960,
            196
        ],
        [
            6970,
            196
        ],
        [
            6980,
            196
        ],
        [
            6990,
            196
        ],
        [
            7000,
            196
        ],
        [
            7010,
            196
        ],
        [
            7020,
            196
        ],
        [
            7030,
            196
        ],
        [
            7040,
            196
        ],
        [
            7050,
            196
        ],
        [
            7060,
            196
        ],
        [
            7070,
            196
        ],
        [
            7080,
            196
        ],
        [
            7090,
            196
        ],
        [
            7100,
            196
        ],
        [
            7110,
            196
        ],
        [
            7120,
            196
        ],
        [
            7130,
            196
        ],
        [
            7140,
            196
        ],
        [
            7150,
            196
        ],
        [
            7160,
            196
        ],
        [
            7170,
            196
        ],
        [
            7180,
            196
        ],
        [
            7190,
            196
        ],
        [
            7200,
            196
        ],
        [
            7210,
            196
        ],
        [
            7220,
            196
        ],
        [
            7230,
            196
        ],
        [
            7240,
            196
        ],
        [
            7250,
            196
        ],
        [
            7260,
            196
        ],
        [
            7270,
            196
        ],
        [
            7280,
            196
        ],
        [
            7290,
            196
        ],
        [
            7300,
            196
        ],
        [
            7310,
            196
        ],
        [
            7320,
            196
        ],
        [
            7330,
            196
        ],
        [
            7340,
            196
        ],
        [
            7350,
            196
        ],
        [
            7360,
            196
        ],
        [
            7370,
            196
        ],
        [
            7380,
            196
        ],
        [
            7390,
            196
        ],
        [
            7400,
            196
        ],
        [
            7410,
            196
        ],
        [
            7420,
            196
        ],
        [
            7430,
            196
        ],
        [
            7440,
            196
        ],
        [
            7450,
            196
        ],
        [
            7460,
            196
        ],
        [
            7470,
            196
        ],
        [
            7480,
            196
        ],
        [
            7490,
            196
        ],
        [
            7500,
            196
        ],
        [
            7510,
            196
        ],
        [
            7520,
            196
        ],
        [
            7530,
            196
        ],
        [
            7540,
            196
        ],
        [
            7550,
            196
        ],
        [
            7560,
            196
        ],
        [
            7570,
            196
        ],
        [
            7580,
            196
        ],
        [
            7590,
            196
        ],
        [
            7600,
            196
        ],
        [
            7610,
            196
        ],
        [
            7620,
            196
        ],
        [
            7630,
            196
        ],
        [
            7640,
            196
        ],
        [
            7650,
            196
        ],
        [
            7660,
            196
        ],
        [
            7670,
            196
        ],
        [
            7680,
            196
        ],
        [
            7690,
            196
        ],
        [
            7700,
            196
        ],
        [
            7710,
            196
        ],
        [
            7720,
            196
        ],
        [
            7730,
            196
        ],
        [
            7740,
            196
        ],
        [
            7750,
            196
        ],
        [
            7760,
            196
        ],
        [
            7770,
            196
        ],
        [
            7780,
            196
        ],
        [
            7790,
            196
        ],
        [
            7800,
            196
        ],
        [
            7810,
            196
        ],
        [
            7820,
            196
        ],
        [
            7830,
            196
        ],
        [
            7840,
            196
        ],
        [
            7850,
            196
        ],
        [
            7860,
            196
        ],
        [
            7870,
            196
        ],
        [
            7880,
            196
        ],
        [
            7890,
            196
        ],
        [
            7900,
            196
        ],
        [
            7910,
            196
        ],
        [
            7920,
            196
        ],
        [
            7930,
            196
        ],
        [
            7940,
            196
        ],
        [
            7950,
            196
        ],
        [
            7960,
            196
        ],
        [
            7970,
            196
        ],
        [
            7980,
            196
        ],
        [
            7990,
            196
        ],
        [
            8000,
            196
        ],
        [
            8010,
            196
        ],
        [
            8020,
            196
        ],
        [
            8030,
            196
        ],
        [
            8040,
            196
        ],
        [
            8050,
            196
        ],
        [
            8060,
            196
        ],
        [
            8070,
            196
        ],
        [
            8080,
            196
        ],
        [
            8090,
            196
        ],
        [
            8100,
            196
        ],
        [
            8110,
            196
        ],
        [
            8120,
            196
        ],
        [
            8130,
            196
        ],
        [
            8140,
            196
        ],
        [
            8150,
            196
        ],
        [
            8160,
            196
        ],
        [
            8170,
            196
        ],
        [
            8180,
            196
        ],
        [
            8190,
            196
        ],
        [
            8200,
            196
        ],
        [
            8210,
            196
        ],
        [
            8220,
            196
        ],
        [
            8230,
            196
        ],
        [
            8240,
            196
        ],
        [
            8250,
            196
        ],
        [
            8260,
            196
        ],
        [
            8270,
            196
        ],
        [
            8280,
            196
        ],
        [
            8290,
            196
        ],
        [
            8300,
            196
        ],
        [
            8310,
            196
        ],
        [
            8320,
            196
        ],
        [
            8330,
            196
        ],
        [
            8340,
            196
        ],
        [
            8350,
            196
        ],
        [
            8360,
            196
        ],
        [
            8370,
            196
        ],
        [
            8380,
            196
        ],
        [
            8390,
            196
        ],
        [
            8400,
            196
        ],
        [
            8410,
            196
        ],
        [
            8420,
            196
        ],
        [
            8430,
            196
        ],
        [
            8440,
            196
        ],
        [
            8450,
            196
        ],
        [
            8460,
            196
        ],
        [
            8470,
            196
        ],
        [
            8480,
            196
        ],
        [
            8490,
            196
        ],
        [
            8500,
            196
        ],
        [
            8510,
            196
        ],
        [
            8520,
            196
        ],
        [
            8530,
            196
        ],
        [
            8540,
            196
        ],
        [
            8550,
            196
        ],
        [
            8560,
            196
        ],
        [
            8570,
            196
        ],
        [
            8580,
            196
        ],
        [
            8590,
            196
        ],
        [
            8600,
            196
        ],
        [
            8610,
            196
        ],
        [
            8620,
            196
        ],
        [
            8630,
            196
        ],
        [
            8640,
            196
        ],
        [
            8650,
            196
        ],
        [
            8660,
            196
        ],
        [
            8670,
            196
        ],
        [
            8680,
            196
        ],
        [
            8690,
            196
        ],
        [
            8700,
            196
        ],
        [
            8710,
            196
        ],
        [
            8720,
            196
        ],
        [
            8730,
            196
        ],
        [
            8740,
            196
        ],
        [
            8750,
            196
        ],
        [
            8760,
            196
        ],
        [
            8770,
            196
        ],
        [
            8780,
            196
        ],
        [
            8790,
            196
        ],
        [
            8800,
            196
        ],
        [
            8810,
            196
        ],
        [
            8820,
            196
        ],
        [
            8830,
            196
        ],
        [
            8840,
            196
        ],
        [
            8850,
            196
        ],
        [
            8860,
            196
        ],
        [
            8870,
            196
        ],
        [
            8880,
            196
        ],
        [
            8890,
            196
        ],
        [
            8900,
            196
        ],
        [
            8910,
            196
        ],
        [
            8920,
            196
        ],
        [
            8930,
            196
        ],
        [
            8940,
            196
        ],
        [
            8950,
            196
        ],
        [
            8960,
            196
        ],
        [
            8970,
            196
        ],
        [
            8980,
            196
        ],
        [
            8990,
            196
        ],
        [
            9000,
            196
        ],
        [
            9010,
            196
        ],
        [
            9020,
            196
        ],
        [
            9030,
            196
        ],
        [
            9040,
            196
        ],
        [
            9050,
            196
        ],
        [
            9060,
            196
        ],
        [
            9070,
            196
        ],
        [
            9080,
            196
        ],
        [
            9090,
            196
        ],
        [
            9100,
            196
        ],
        [
            9110,
            196
        ],
        [
            9120,
            196
        ],
        [
            9130,
            196
        ],
        [
            9140,
            196
        ],
        [
            9150,
            196
        ],
        [
            9160,
            196
        ],
        [
            9170,
            196
        ],
        [
            9180,
            196
        ],
        [
            9190,
            196
        ],
        [
            9200,
            196
        ],
        [
            9210,
            196
        ],
        [
            9220,
            196
        ],
        [
            9230,
            196
        ],
        [
            9240,
            196
        ],
        [
            9250,
            196
        ],
        [
            9260,
            196
        ],
        [
            9270,
            196
        ],
        [
            9280,
            196
        ],
        [
            9290,
            196
        ],
        [
            9300,
            196
        ],
        [
            9310,
            196
        ],
        [
            9320,
            196
        ],
        [
            9330,
            196
        ],
        [
            9340,
            196
        ],
        [
            9350,
            196
        ],
        [
            9360,
            196
        ],
        [
            9370,
            196
        ],
        [
            9380,
            196
        ],
        [
            9390,
            196
        ],
        [
            9400,
            196
        ],
        [
            9410,
            196
        ],
        [
            9420,
            196
        ],
        [
            9430,
            196
        ],
        [
            9440,
            196
        ],
        [
            9450,
            196
        ],
        [
            9460,
            196
        ],
        [
            9470,
            196
        ],
        [
            9480,
            196
        ],
        [
            9490,
            196
        ],
        [
            9500,
            196
        ],
        [
            9510,
            196
        ],
        [
            9520,
            196
        ],
        [
            9530,
            196
        ],
        [
            9540,
            196
        ],
        [
            9550,
            196
        ],
        [
            9560,
            196
        ],
        [
            9570,
            196
        ],
        [
            9580,
            196
        ],
        [
            9590,
            196
        ],
        [
            9600,
            196
        ],
        [
            9610,
            196
        ],
        [
            9620,
            196
        ],
        [
            9630,
            196
        ],
        [
            9640,
            196
        ],
        [
            9650,
            196
        ],
        [
            9660,
            196
        ],
        [
            9670,
            196
        ],
        [
            9680,
            196
        ],
        [
            9690,
            196
        ],
        [
            9700,
            196
        ],
        [
            9710,
            196
        ],
        [
            9720,
            196
        ],
        [
            9730,
            196
        ],
        [
            9740,
            196
        ],
        [
            9750,
            196
        ],
        [
            9760,
            196
        ],
        [
            9770,
            196
        ],
        [
            9780,
            196
        ],
        [
            9790,
            196
        ],
        [
            9800,
            196
        ],
        [
            9810,
            196
        ],
        [
            9820,
            196
        ],
        [
            9830,
            196
        ],
        [
            9840,
            196
        ],
        [
            9850,
            196
        ],
        [
            9860,
            196
        ],
        [
            9870,
            196
        ],
        [
            9880,
            196
        ],
        [
            9890,
            196
        ],
        [
            9900,
            196
        ],
        [
            9910,
            196
        ],
        [
            9920,
            196
        ],
        [
            9930,
            196
        ],
        [
            9940,
            196
        ],
        [
            9950,
            196
        ],
        [
            9960,
            196
        ],
        [
            9970,
            196
        ],
        [
            9980,
            196
        ],
        [
            9990,
            196
        ]
    ]
}
