{
    "best_solution": {
        "active_vlbs": [
            16,
            128849018929
        ],
        "cost": 541,
        "flow": {
            "incoming": [
                [
                    49,
                    [
                        30,
                        39,
                        43,
                        44
                    ]
                ],
                [
                    39,
                    [
                        16
                    ]
                ],
                [
                    16,
                    [
                        0
                    ]
                ],
                [
                    30,
                    [
                        16,
                        27
                    ]
                ],
                [
                    27,
                    [
                        20
                    ]
                ],
                [
                    43,
                    [
                        37
                    ]
                ],
                [
                    37,
                    [
                        20
                    ]
                ],
                [
                    20,
                    [
                        0
                    ]
                ],
                [
                    44,
                    [
                        37
                    ]
                ]
            ],
            "n_nodes": 50,
            "outgoing": [
                [
                    39,
                    [
                        49
                    ]
                ],
                [
                    0,
                    [
                        16,
                        20
                    ]
                ],
                [
                    16,
                    [
                        30,
                        39
                    ]
                ],
                [
                    30,
                    [
                        49
                    ]
                ],
                [
                    27,
                    [
                        30
                    ]
                ],
                [
                    43,
                    [
                        49
                    ]
                ],
                [
                    37,
                    [
                        43,
                        44
                    ]
                ],
                [
                    20,
                    [
                        27,
                        37
                    ]
                ],
                [
                    44,
                    [
                        49
                    ]
                ]
            ],
            "sink": 49,
            "source": 0,
            "values": [
                [
                    158913789995,
                    12
                ],
                [
                    68719476766,
                    9
                ],
                [
                    167503724593,
                    7
                ],
                [
                    128849018929,
                    10
                ],
                [
                    85899345947,
                    1
                ],
                [
                    68719476775,
                    7
                ],
                [
                    16,
                    16
                ],
                [
                    184683593777,
                    12
                ],
                [
                    85899345957,
                    13
                ],
                [
                    20,
                    14
                ],
                [
                    115964117022,
                    1
                ],
                [
                    188978561073,
                    1
                ],
                [
                    158913789996,
                    1
                ]
            ]
        }
    },
    "cplex_cost": 489,
    "generator_parameters": {
        "alpha_1": 4,
        "alpha_2": 5,
        "alpha_3": 10,
        "alpha_4": 10,
        "cost_max": 20,
        "flow_value": 30,
        "inclusion_p": 0.30000001192092896,
        "max_span_q": 25,
        "n_nodes": 50,
        "vlb_p": 0.20000000298023224
    },
    "solver_parameters": {
        "best_of": 3,
        "flow_value": 30,
        "generation_size": 10,
        "num_perturbations": 2,
        "num_steps": 1000
    },
    "steps": [
        [
            0,
            1486
        ],
        [
            10,
            1279
        ],
        [
            20,
            1279
        ],
        [
            30,
            1212
        ],
        [
            40,
            1132
        ],
        [
            50,
            1132
        ],
        [
            60,
            1132
        ],
        [
            70,
            1107
        ],
        [
            80,
            1107
        ],
        [
            90,
            1039
        ],
        [
            100,
            1039
        ],
        [
            110,
            992
        ],
        [
            120,
            992
        ],
        [
            130,
            992
        ],
        [
            140,
            992
        ],
        [
            150,
            982
        ],
        [
            160,
            961
        ],
        [
            170,
            936
        ],
        [
            180,
            934
        ],
        [
            190,
            934
        ],
        [
            200,
            934
        ],
        [
            210,
            934
        ],
        [
            220,
            934
        ],
        [
            230,
            924
        ],
        [
            240,
            891
        ],
        [
            250,
            891
        ],
        [
            260,
            882
        ],
        [
            270,
            882
        ],
        [
            280,
            882
        ],
        [
            290,
            870
        ],
        [
            300,
            797
        ],
        [
            310,
            797
        ],
        [
            320,
            797
        ],
        [
            330,
            797
        ],
        [
            340,
            770
        ],
        [
            350,
            654
        ],
        [
            360,
            644
        ],
        [
            370,
            644
        ],
        [
            380,
            644
        ],
        [
            390,
            638
        ],
        [
            400,
            637
        ],
        [
            410,
            626
        ],
        [
            420,
            625
        ],
        [
            430,
            625
        ],
        [
            440,
            625
        ],
        [
            450,
            625
        ],
        [
            460,
            625
        ],
        [
            470,
            625
        ],
        [
            480,
            625
        ],
        [
            490,
            625
        ],
        [
            500,
            625
        ],
        [
            510,
            625
        ],
        [
            520,
            625
        ],
        [
            530,
            625
        ],
        [
            540,
            625
        ],
        [
            550,
            625
        ],
        [
            560,
            625
        ],
        [
            570,
            625
        ],
        [
            580,
            625
        ],
        [
            590,
            625
        ],
        [
            600,
            625
        ],
        [
            610,
            625
        ],
        [
            620,
            625
        ],
        [
            630,
            625
        ],
        [
            640,
            610
        ],
        [
            650,
            600
        ],
        [
            660,
            600
        ],
        [
            670,
            579
        ],
        [
            680,
            578
        ],
        [
            690,
            578
        ],
        [
            700,
            577
        ],
        [
            710,
            577
        ],
        [
            720,
            577
        ],
        [
            730,
            577
        ],
        [
            740,
            577
        ],
        [
            750,
            569
        ],
        [
            760,
            563
        ],
        [
            770,
            563
        ],
        [
            780,
            563
        ],
        [
            790,
            563
        ],
        [
            800,
            563
        ],
        [
            810,
            563
        ],
        [
            820,
            563
        ],
        [
            830,
            563
        ],
        [
            840,
            541
        ],
        [
            850,
            541
        ],
        [
            860,
            541
        ],
        [
            870,
            541
        ],
        [
            880,
            541
        ],
        [
            890,
            541
        ],
        [
            900,
            541
        ],
        [
            910,
            541
        ],
        [
            920,
            541
        ],
        [
            930,
            541
        ],
        [
            940,
            541
        ],
        [
            950,
            541
        ],
        [
            960,
            541
        ],
        [
            970,
            541
        ],
        [
            980,
            541
        ],
        [
            990,
            541
        ]
    ]
}
