{
    "capacities": [
        [
            38654705665,
            10
        ],
        [
            17179869189,
            8
        ],
        [
            38654705672,
            12
        ],
        [
            9,
            8
        ],
        [
            8589934601,
            1
        ],
        [
            25769803784,
            14
        ],
        [
            8589934597,
            12
        ],
        [
            3,
            9
        ],
        [
            25769803781,
            15
        ],
        [
            30064771081,
            2
        ],
        [
            17179869193,
            4
        ],
        [
            30064771080,
            13
        ]
    ],
    "costs": [
        [
            38654705665,
            12
        ],
        [
            17179869189,
            6
        ],
        [
            38654705672,
            11
        ],
        [
            9,
            7
        ],
        [
            8589934601,
            4
        ],
        [
            25769803784,
            12
        ],
        [
            8589934597,
            10
        ],
        [
            3,
            14
        ],
        [
            25769803781,
            8
        ],
        [
            30064771081,
            15
        ],
        [
            17179869193,
            12
        ],
        [
            30064771080,
            9
        ]
    ],
    "flow_value": 30,
    "incoming": [
        [
            1,
            [
                9
            ]
        ],
        [
            5,
            [
                2,
                4,
                6
            ]
        ],
        [
            3,
            [
                0
            ]
        ],
        [
            9,
            [
                0,
                2,
                4,
                7
            ]
        ],
        [
            8,
            [
                6,
                7,
                9
            ]
        ]
    ],
    "minimum_quantities": [
        [
            38654705665,
            7
        ],
        [
            17179869189,
            8
        ],
        [
            38654705672,
            6
        ],
        [
            9,
            8
        ],
        [
            8589934601,
            1
        ],
        [
            25769803784,
            12
        ],
        [
            8589934597,
            4
        ],
        [
            3,
            1
        ],
        [
            25769803781,
            1
        ],
        [
            30064771081,
            2
        ],
        [
            17179869193,
            4
        ],
        [
            30064771080,
            13
        ]
    ],
    "n_nodes": 10,
    "outgoing": [
        [
            1,
            []
        ],
        [
            8,
            []
        ],
        [
            9,
            [
                1,
                8
            ]
        ],
        [
            4,
            [
                5,
                9
            ]
        ],
        [
            6,
            [
                5,
                8
            ]
        ],
        [
            2,
            [
                5,
                9
            ]
        ],
        [
            3,
            []
        ],
        [
            0,
            [
                3,
                9
            ]
        ],
        [
            7,
            [
                8,
                9
            ]
        ]
    ],
    "sink": 1,
    "source": 0,
    "vlb": [
        [
            38654705665,
            true
        ],
        [
            17179869189,
            false
        ],
        [
            38654705672,
            false
        ],
        [
            9,
            false
        ],
        [
            8589934601,
            false
        ],
        [
            25769803784,
            true
        ],
        [
            8589934597,
            true
        ],
        [
            3,
            false
        ],
        [
            25769803781,
            false
        ],
        [
            30064771081,
            false
        ],
        [
            17179869193,
            true
        ],
        [
            30064771080,
            true
        ]
    ]
}
