{
    "active_vlbs": [
        42949672974
    ],
    "cost": -1,
    "flow": {
        "incoming": [
            [
                13,
                [
                    7,
                    8,
                    10
                ]
            ],
            [
                5,
                [
                    0,
                    1,
                    2,
                    4
                ]
            ],
            [
                1,
                [
                    0
                ]
            ],
            [
                14,
                [
                    8,
                    10
                ]
            ],
            [
                6,
                [
                    0,
                    4,
                    5
                ]
            ],
            [
                2,
                [
                    0,
                    1
                ]
            ],
            [
                12,
                [
                    6,
                    9,
                    11
                ]
            ],
            [
                4,
                [
                    0
                ]
            ],
            [
                8,
                [
                    2,
                    5,
                    6,
                    7
                ]
            ],
            [
                9,
                [
                    3,
                    5,
                    6,
                    7
                ]
            ],
            [
                10,
                [
                    4,
                    7
                ]
            ],
            [
                11,
                [
                    6,
                    7,
                    8,
                    10
                ]
            ]
        ],
        "outgoing": [
            [
                4,
                [
                    5,
                    6,
                    10
                ]
            ],
            [
                8,
                [
                    11,
                    13,
                    14
                ]
            ],
            [
                0,
                [
                    1,
                    2,
                    4,
                    5,
                    6
                ]
            ],
            [
                1,
                [
                    2,
                    5
                ]
            ],
            [
                5,
                [
                    6,
                    8,
                    9
                ]
            ],
            [
                2,
                [
                    5,
                    8
                ]
            ],
            [
                10,
                [
                    11,
                    13,
                    14
                ]
            ],
            [
                6,
                [
                    8,
                    9,
                    11,
                    12
                ]
            ],
            [
                7,
                [
                    8,
                    9,
                    10,
                    11,
                    13
                ]
            ],
            [
                3,
                [
                    9
                ]
            ],
            [
                9,
                [
                    12
                ]
            ],
            [
                11,
                [
                    12
                ]
            ]
        ],
        "sink": 14,
        "source": 0,
        "values": [
            [
                17179869189,
                0
            ],
            [
                1,
                0
            ],
            [
                17179869190,
                0
            ],
            [
                2,
                0
            ],
            [
                4,
                10
            ],
            [
                4294967301,
                0
            ],
            [
                34359738381,
                0
            ],
            [
                5,
                0
            ],
            [
                6,
                0
            ],
            [
                34359738382,
                0
            ],
            [
                4294967298,
                0
            ],
            [
                21474836486,
                0
            ],
            [
                8589934597,
                0
            ],
            [
                42949672973,
                0
            ],
            [
                8589934600,
                0
            ],
            [
                25769803788,
                0
            ],
            [
                12884901897,
                0
            ],
            [
                30064771085,
                0
            ],
            [
                17179869194,
                10
            ],
            [
                21474836488,
                0
            ],
            [
                21474836489,
                0
            ],
            [
                25769803784,
                0
            ],
            [
                25769803785,
                0
            ],
            [
                25769803787,
                0
            ],
            [
                30064771080,
                0
            ],
            [
                30064771081,
                0
            ],
            [
                30064771082,
                0
            ],
            [
                30064771083,
                0
            ],
            [
                34359738379,
                0
            ],
            [
                38654705676,
                0
            ],
            [
                42949672971,
                0
            ],
            [
                42949672974,
                10
            ],
            [
                47244640268,
                0
            ]
        ]
    }
}
