{
    "active_vlbs": [],
    "cost": -1,
    "flow": {
        "incoming": [
            [
                7,
                [
                    0,
                    3,
                    4,
                    5,
                    6
                ]
            ],
            [
                3,
                [
                    0,
                    1,
                    2
                ]
            ],
            [
                5,
                [
                    0,
                    1,
                    2,
                    4
                ]
            ],
            [
                4,
                [
                    0,
                    1,
                    2
                ]
            ],
            [
                6,
                [
                    1,
                    3,
                    5
                ]
            ],
            [
                8,
                [
                    2,
                    3,
                    5,
                    6,
                    7
                ]
            ],
            [
                9,
                [
                    2,
                    3,
                    4,
                    6,
                    8
                ]
            ]
        ],
        "n_nodes": 10,
        "outgoing": [
            [
                4,
                [
                    5,
                    7,
                    9
                ]
            ],
            [
                8,
                [
                    9
                ]
            ],
            [
                0,
                [
                    3,
                    4,
                    5,
                    7
                ]
            ],
            [
                1,
                [
                    3,
                    4,
                    5,
                    6
                ]
            ],
            [
                5,
                [
                    6,
                    7,
                    8
                ]
            ],
            [
                6,
                [
                    7,
                    8,
                    9
                ]
            ],
            [
                2,
                [
                    3,
                    4,
                    5,
                    8,
                    9
                ]
            ],
            [
                3,
                [
                    6,
                    7,
                    8,
                    9
                ]
            ],
            [
                7,
                [
                    8
                ]
            ]
        ],
        "sink": 9,
        "source": 0,
        "values": [
            [
                17179869191,
                0
            ],
            [
                3,
                0
            ],
            [
                4,
                10
            ],
            [
                4294967301,
                0
            ],
            [
                5,
                10
            ],
            [
                4294967300,
                0
            ],
            [
                7,
                0
            ],
            [
                4294967302,
                0
            ],
            [
                4294967299,
                0
            ],
            [
                21474836487,
                0
            ],
            [
                8589934595,
                0
            ],
            [
                25769803783,
                0
            ],
            [
                8589934596,
                0
            ],
            [
                8589934597,
                0
            ],
            [
                8589934600,
                0
            ],
            [
                8589934601,
                0
            ],
            [
                12884901894,
                0
            ],
            [
                12884901895,
                0
            ],
            [
                12884901896,
                0
            ],
            [
                12884901897,
                0
            ],
            [
                17179869189,
                0
            ],
            [
                34359738377,
                10
            ],
            [
                17179869193,
                10
            ],
            [
                21474836486,
                0
            ],
            [
                21474836488,
                10
            ],
            [
                25769803784,
                0
            ],
            [
                25769803785,
                0
            ],
            [
                30064771080,
                0
            ]
        ]
    }
}
