{
    "best_solution": {
        "active_vlbs": [],
        "cost": 450,
        "flow": {
            "incoming": [
                [
                    9,
                    [
                        4,
                        8
                    ]
                ],
                [
                    4,
                    [
                        0
                    ]
                ],
                [
                    5,
                    [
                        0
                    ]
                ],
                [
                    8,
                    [
                        5
                    ]
                ],
                [
                    6,
                    []
                ],
                [
                    3,
                    []
                ]
            ],
            "n_nodes": 10,
            "outgoing": [
                [
                    4,
                    [
                        9
                    ]
                ],
                [
                    0,
                    [
                        4,
                        5
                    ]
                ],
                [
                    8,
                    [
                        9
                    ]
                ],
                [
                    5,
                    [
                        8
                    ]
                ],
                [
                    6,
                    []
                ],
                [
                    3,
                    []
                ]
            ],
            "sink": 9,
            "source": 0,
            "values": [
                [
                    17179869193,
                    10
                ],
                [
                    5,
                    10
                ],
                [
                    21474836488,
                    10
                ],
                [
                    4,
                    10
                ],
                [
                    34359738377,
                    10
                ]
            ]
        }
    },
    "cplex_cost": 450,
    "generator_parameters": {
        "alpha_1": 4,
        "alpha_2": 5,
        "alpha_3": 10,
        "alpha_4": 10,
        "cost_max": 20,
        "flow_value": 20,
        "inclusion_p": 0.699999988079071,
        "max_span_q": 8,
        "n_nodes": 10,
        "vlb_p": 0.20000000298023224
    },
    "network": {
        "capacities": [
            [
                17179869191,
                17
            ],
            [
                3,
                17
            ],
            [
                4294967301,
                17
            ],
            [
                4,
                11
            ],
            [
                4294967300,
                11
            ],
            [
                5,
                11
            ],
            [
                4294967302,
                10
            ],
            [
                7,
                15
            ],
            [
                21474836487,
                14
            ],
            [
                4294967299,
                17
            ],
            [
                25769803783,
                12
            ],
            [
                8589934595,
                15
            ],
            [
                8589934596,
                12
            ],
            [
                8589934597,
                18
            ],
            [
                8589934600,
                18
            ],
            [
                8589934601,
                15
            ],
            [
                12884901894,
                16
            ],
            [
                12884901895,
                16
            ],
            [
                12884901896,
                16
            ],
            [
                12884901897,
                11
            ],
            [
                34359738377,
                20
            ],
            [
                17179869189,
                16
            ],
            [
                17179869193,
                10
            ],
            [
                21474836486,
                16
            ],
            [
                21474836488,
                16
            ],
            [
                25769803784,
                16
            ],
            [
                25769803785,
                14
            ],
            [
                30064771080,
                11
            ]
        ],
        "costs": [
            [
                17179869191,
                9
            ],
            [
                3,
                17
            ],
            [
                4294967301,
                19
            ],
            [
                4,
                17
            ],
            [
                4294967300,
                15
            ],
            [
                5,
                20
            ],
            [
                4294967302,
                8
            ],
            [
                7,
                12
            ],
            [
                21474836487,
                10
            ],
            [
                4294967299,
                8
            ],
            [
                25769803783,
                14
            ],
            [
                8589934595,
                4
            ],
            [
                8589934596,
                12
            ],
            [
                8589934597,
                17
            ],
            [
                8589934600,
                19
            ],
            [
                8589934601,
                8
            ],
            [
                12884901894,
                2
            ],
            [
                12884901895,
                2
            ],
            [
                12884901896,
                13
            ],
            [
                12884901897,
                15
            ],
            [
                34359738377,
                2
            ],
            [
                17179869189,
                10
            ],
            [
                17179869193,
                4
            ],
            [
                21474836486,
                13
            ],
            [
                21474836488,
                2
            ],
            [
                25769803784,
                20
            ],
            [
                25769803785,
                14
            ],
            [
                30064771080,
                18
            ]
        ],
        "incoming": [
            [
                3,
                [
                    0,
                    1,
                    2
                ]
            ],
            [
                4,
                [
                    0,
                    1,
                    2
                ]
            ],
            [
                5,
                [
                    0,
                    1,
                    2,
                    4
                ]
            ],
            [
                7,
                [
                    0,
                    3,
                    4,
                    5,
                    6
                ]
            ],
            [
                6,
                [
                    1,
                    3,
                    5
                ]
            ],
            [
                8,
                [
                    2,
                    3,
                    5,
                    6,
                    7
                ]
            ],
            [
                9,
                [
                    2,
                    3,
                    4,
                    6,
                    8
                ]
            ]
        ],
        "max_span_q": 8,
        "minimum_quantities": [
            [
                17179869191,
                0
            ],
            [
                3,
                0
            ],
            [
                4294967301,
                0
            ],
            [
                4,
                0
            ],
            [
                4294967300,
                0
            ],
            [
                5,
                0
            ],
            [
                4294967302,
                0
            ],
            [
                7,
                9
            ],
            [
                21474836487,
                0
            ],
            [
                4294967299,
                4
            ],
            [
                25769803783,
                0
            ],
            [
                8589934595,
                0
            ],
            [
                8589934596,
                0
            ],
            [
                8589934597,
                0
            ],
            [
                8589934600,
                0
            ],
            [
                8589934601,
                0
            ],
            [
                12884901894,
                0
            ],
            [
                12884901895,
                0
            ],
            [
                12884901896,
                0
            ],
            [
                12884901897,
                0
            ],
            [
                34359738377,
                0
            ],
            [
                17179869189,
                0
            ],
            [
                17179869193,
                0
            ],
            [
                21474836486,
                0
            ],
            [
                21474836488,
                0
            ],
            [
                25769803784,
                0
            ],
            [
                25769803785,
                0
            ],
            [
                30064771080,
                0
            ]
        ],
        "n_nodes": 10,
        "outgoing": [
            [
                0,
                [
                    3,
                    4,
                    5,
                    7
                ]
            ],
            [
                1,
                [
                    3,
                    4,
                    5,
                    6
                ]
            ],
            [
                2,
                [
                    3,
                    4,
                    5,
                    8,
                    9
                ]
            ],
            [
                3,
                [
                    6,
                    7,
                    8,
                    9
                ]
            ],
            [
                4,
                [
                    5,
                    7,
                    9
                ]
            ],
            [
                5,
                [
                    6,
                    7,
                    8
                ]
            ],
            [
                6,
                [
                    7,
                    8,
                    9
                ]
            ],
            [
                7,
                [
                    8
                ]
            ],
            [
                8,
                [
                    9
                ]
            ]
        ],
        "sink": 9,
        "source": 0,
        "vlbs": [
            7,
            4294967299
        ]
    },
    "solver_parameters": {
        "best_of": 3,
        "flow_value": 20,
        "generation_size": 100,
        "improvements_stop": 1000,
        "num_perturbations": 2,
        "num_steps": 10000
    },
    "steps": [
        [
            0,
            601
        ],
        [
            10,
            601
        ],
        [
            20,
            601
        ],
        [
            30,
            591
        ],
        [
            40,
            584
        ],
        [
            50,
            551
        ],
        [
            60,
            551
        ],
        [
            70,
            523
        ],
        [
            80,
            523
        ],
        [
            90,
            523
        ],
        [
            100,
            523
        ],
        [
            110,
            523
        ],
        [
            120,
            506
        ],
        [
            130,
            501
        ],
        [
            140,
            501
        ],
        [
            150,
            501
        ],
        [
            160,
            466
        ],
        [
            170,
            466
        ],
        [
            180,
            466
        ],
        [
            190,
            466
        ],
        [
            200,
            465
        ],
        [
            210,
            458
        ],
        [
            220,
            458
        ],
        [
            230,
            458
        ],
        [
            240,
            458
        ],
        [
            250,
            458
        ],
        [
            260,
            458
        ],
        [
            270,
            458
        ],
        [
            280,
            458
        ],
        [
            290,
            458
        ],
        [
            300,
            458
        ],
        [
            310,
            458
        ],
        [
            320,
            453
        ],
        [
            330,
            453
        ],
        [
            340,
            453
        ],
        [
            350,
            453
        ],
        [
            360,
            450
        ],
        [
            370,
            450
        ],
        [
            380,
            450
        ],
        [
            390,
            450
        ],
        [
            400,
            450
        ],
        [
            410,
            450
        ],
        [
            420,
            450
        ],
        [
            430,
            450
        ],
        [
            440,
            450
        ],
        [
            450,
            450
        ],
        [
            460,
            450
        ],
        [
            470,
            450
        ],
        [
            480,
            450
        ],
        [
            490,
            450
        ],
        [
            500,
            450
        ],
        [
            510,
            450
        ],
        [
            520,
            450
        ],
        [
            530,
            450
        ],
        [
            540,
            450
        ],
        [
            550,
            450
        ],
        [
            560,
            450
        ],
        [
            570,
            450
        ],
        [
            580,
            450
        ],
        [
            590,
            450
        ],
        [
            600,
            450
        ],
        [
            610,
            450
        ],
        [
            620,
            450
        ],
        [
            630,
            450
        ],
        [
            640,
            450
        ],
        [
            650,
            450
        ],
        [
            660,
            450
        ],
        [
            670,
            450
        ],
        [
            680,
            450
        ],
        [
            690,
            450
        ],
        [
            700,
            450
        ],
        [
            710,
            450
        ],
        [
            720,
            450
        ],
        [
            730,
            450
        ],
        [
            740,
            450
        ],
        [
            750,
            450
        ],
        [
            760,
            450
        ],
        [
            770,
            450
        ],
        [
            780,
            450
        ],
        [
            790,
            450
        ],
        [
            800,
            450
        ],
        [
            810,
            450
        ],
        [
            820,
            450
        ],
        [
            830,
            450
        ],
        [
            840,
            450
        ],
        [
            850,
            450
        ],
        [
            860,
            450
        ],
        [
            870,
            450
        ],
        [
            880,
            450
        ],
        [
            890,
            450
        ],
        [
            900,
            450
        ],
        [
            910,
            450
        ],
        [
            920,
            450
        ],
        [
            930,
            450
        ],
        [
            940,
            450
        ],
        [
            950,
            450
        ],
        [
            960,
            450
        ],
        [
            970,
            450
        ],
        [
            980,
            450
        ],
        [
            990,
            450
        ],
        [
            1000,
            450
        ],
        [
            1010,
            450
        ],
        [
            1020,
            450
        ],
        [
            1030,
            450
        ],
        [
            1040,
            450
        ],
        [
            1050,
            450
        ],
        [
            1060,
            450
        ],
        [
            1070,
            450
        ],
        [
            1080,
            450
        ],
        [
            1090,
            450
        ],
        [
            1100,
            450
        ],
        [
            1110,
            450
        ],
        [
            1120,
            450
        ],
        [
            1130,
            450
        ],
        [
            1140,
            450
        ],
        [
            1150,
            450
        ],
        [
            1160,
            450
        ],
        [
            1170,
            450
        ],
        [
            1180,
            450
        ],
        [
            1190,
            450
        ],
        [
            1200,
            450
        ],
        [
            1210,
            450
        ],
        [
            1220,
            450
        ],
        [
            1230,
            450
        ],
        [
            1240,
            450
        ],
        [
            1250,
            450
        ],
        [
            1260,
            450
        ],
        [
            1270,
            450
        ],
        [
            1280,
            450
        ],
        [
            1290,
            450
        ],
        [
            1300,
            450
        ],
        [
            1310,
            450
        ],
        [
            1320,
            450
        ],
        [
            1330,
            450
        ],
        [
            1340,
            450
        ],
        [
            1350,
            450
        ]
    ]
}
